<?xml version="1.0" encoding="UTF-8"?>
<DiagramSpecification id="1" name="RequirementRealisationViewpointDiagram" modelVersion="1.0">
  <EditionPattern id="2" name="TriggeringGR">
    <DeletionScheme id="3" name="deletion" label="deletion" skipConfirmationPanel="false" definePopupDefaultSize="false" width="800" height="600">
      <DeleteAction id="4" object="connector" />
    </DeletionScheme>
    <ContainedConnectorPatternRole id="5" patternRole="connector" name="connector" exampleLabel="label">
      <ConnectorGraphicalRepresentation id="6" className="org.openflexo.vpm.view.widget.EditionPatternPreviewConnectorGR" hasSelectedForeground="false" hasFocusedForeground="false" startSymbol="NONE" endSymbol="FILLED_ARROW" middleSymbol="NONE" startSymbolSize="10.0" endSymbolSize="15.0" middleSymbolSize="10.0" relativeMiddleSymbolLocation="0.5" applyForegroundToSymbols="true" identifier="object_2" layer="64" hasText="true" isMultilineAllowed="false" continuousTextEditing="true" absoluteTextX="0.0" absoluteTextY="0.0" paragraphAlignment="CENTER" horizontalTextAlignment="CENTER" verticalTextAlignment="MIDDLE" isSelectable="true" isFocusable="true" drawControlPointsWhenFocused="true" drawControlPointsWhenSelected="true" isReadOnly="false" isLabelEditable="true" isVisible="true">
        <ForegroundStyle id="7" noStroke="false" color="0,0,0" lineWidth="1.499999998509884" joinStyle="JOIN_MITER" capStyle="CAP_SQUARE" dashStyle="PLAIN_STROKE" useTransparency="false" transparencyLevel="0.5" />
        <SelectedForegroundStyle id="8" noStroke="false" color="0,0,0" lineWidth="1.0" joinStyle="JOIN_MITER" capStyle="CAP_SQUARE" dashStyle="PLAIN_STROKE" useTransparency="false" transparencyLevel="0.5" />
        <FocusedForegroundStyle id="9" noStroke="false" color="0,0,0" lineWidth="1.0" joinStyle="JOIN_MITER" capStyle="CAP_SQUARE" dashStyle="PLAIN_STROKE" useTransparency="false" transparencyLevel="0.5" />
        <RectPolylinConnector id="10" rectPolylinConstraints="NONE" straightLineWhenPossible="true" adjustability="BASICALLY_ADJUSTABLE" startOrientation="EAST" endOrientation="WEST" isRounded="true" arcSize="10" isStartingLocationFixed="false" isEndingLocationFixed="false" isStartingLocationDraggable="false" isEndingLocationDraggable="false" crossedControlPoint="0.38368580060422963,0.5081967213114754" />
        <TextStyle id="11" font="Lucida Sans,0,11" color="0,0,0" orientation="0" isBackgroundColored="false" backgroundColor="255,255,255" />
      </ConnectorGraphicalRepresentation>
      <ArtifactFromShapeGraphicalRepresentation id="12" className="org.openflexo.vpm.view.widget.EditionPatternConnectorFromArtefactGR" x="80.0" y="80.0" width="20.0" height="20.0" minimalWidth="0.0" minimalHeight="0.0" maximalWidth="Infinity" maximalHeight="Infinity" relativeTextX="0.5" relativeTextY="0.5" lineWrap="true" locationConstraints="FREELY_MOVABLE" dimensionConstraints="CONSTRAINED_DIMENSIONS" adjustMinimalWidthToLabelWidth="true" adjustMinimalHeightToLabelHeight="true" adjustMaximalWidthToLabelWidth="false" adjustMaximalHeightToLabelHeight="false" hasSelectedForeground="false" hasSelectedBackground="false" hasFocusedForeground="false" hasFocusedBackground="false" isFloatingLabel="true" allowToLeaveBounds="true" identifier="object_0" layer="1" hasText="true" isMultilineAllowed="true" continuousTextEditing="true" absoluteTextX="0.0" absoluteTextY="0.0" paragraphAlignment="CENTER" horizontalTextAlignment="CENTER" verticalTextAlignment="MIDDLE" isSelectable="false" isFocusable="true" drawControlPointsWhenFocused="true" drawControlPointsWhenSelected="true" isReadOnly="false" isLabelEditable="true" isVisible="true">
        <ForegroundStyle id="13" noStroke="false" color="255,204,0" lineWidth="1.0" joinStyle="JOIN_MITER" capStyle="CAP_SQUARE" dashStyle="PLAIN_STROKE" useTransparency="false" transparencyLevel="0.5" />
        <ColorBackgroundStyle id="14" color="255,255,204" useTransparency="false" transparencyLevel="0.5" />
        <SelectedForegroundStyle id="15" noStroke="false" color="255,204,0" lineWidth="1.0" joinStyle="JOIN_MITER" capStyle="CAP_SQUARE" dashStyle="PLAIN_STROKE" useTransparency="false" transparencyLevel="0.5" />
        <SelectedColorBackgroundStyle id="16" color="255,255,204" useTransparency="false" transparencyLevel="0.5" />
        <FocusedForegroundStyle id="17" noStroke="false" color="255,204,0" lineWidth="1.0" joinStyle="JOIN_MITER" capStyle="CAP_SQUARE" dashStyle="PLAIN_STROKE" useTransparency="false" transparencyLevel="0.5" />
        <FocusedColorBackgroundStyle id="18" color="255,255,204" useTransparency="false" transparencyLevel="0.5" />
        <Border id="19" top="20" bottom="20" left="20" right="20" />
        <CircleShape id="20" />
        <ShadowStyle id="21" drawShadow="true" shadowDarkness="150" shadowDepth="2" shadowBlur="4" />
        <TextStyle id="22" font="Lucida Sans,0,11" color="0,0,0" orientation="0" isBackgroundColored="false" backgroundColor="255,255,255" />
      </ArtifactFromShapeGraphicalRepresentation>
      <ArtifactToShapeGraphicalRepresentation id="23" className="org.openflexo.vpm.view.widget.EditionPatternConnectorToArtefactGR" x="350.0" y="80.0" width="20.0" height="20.0" minimalWidth="0.0" minimalHeight="0.0" maximalWidth="Infinity" maximalHeight="Infinity" relativeTextX="0.5" relativeTextY="0.5" lineWrap="true" locationConstraints="FREELY_MOVABLE" dimensionConstraints="CONSTRAINED_DIMENSIONS" adjustMinimalWidthToLabelWidth="true" adjustMinimalHeightToLabelHeight="true" adjustMaximalWidthToLabelWidth="false" adjustMaximalHeightToLabelHeight="false" hasSelectedForeground="false" hasSelectedBackground="false" hasFocusedForeground="false" hasFocusedBackground="false" isFloatingLabel="true" allowToLeaveBounds="true" identifier="object_1" layer="1" hasText="true" isMultilineAllowed="true" continuousTextEditing="true" absoluteTextX="0.0" absoluteTextY="0.0" paragraphAlignment="CENTER" horizontalTextAlignment="CENTER" verticalTextAlignment="MIDDLE" isSelectable="false" isFocusable="true" drawControlPointsWhenFocused="true" drawControlPointsWhenSelected="true" isReadOnly="false" isLabelEditable="true" isVisible="true">
        <ForegroundStyle id="24" noStroke="false" color="255,204,0" lineWidth="1.0" joinStyle="JOIN_MITER" capStyle="CAP_SQUARE" dashStyle="PLAIN_STROKE" useTransparency="false" transparencyLevel="0.5" />
        <ColorBackgroundStyle id="25" color="255,255,204" useTransparency="false" transparencyLevel="0.5" />
        <SelectedForegroundStyle id="26" noStroke="false" color="255,204,0" lineWidth="1.0" joinStyle="JOIN_MITER" capStyle="CAP_SQUARE" dashStyle="PLAIN_STROKE" useTransparency="false" transparencyLevel="0.5" />
        <SelectedColorBackgroundStyle id="27" color="255,255,204" useTransparency="false" transparencyLevel="0.5" />
        <FocusedForegroundStyle id="28" noStroke="false" color="255,204,0" lineWidth="1.0" joinStyle="JOIN_MITER" capStyle="CAP_SQUARE" dashStyle="PLAIN_STROKE" useTransparency="false" transparencyLevel="0.5" />
        <FocusedColorBackgroundStyle id="29" color="255,255,204" useTransparency="false" transparencyLevel="0.5" />
        <Border id="30" top="20" bottom="20" left="20" right="20" />
        <CircleShape idref="20" />
        <ShadowStyle id="31" drawShadow="true" shadowDarkness="150" shadowDepth="2" shadowBlur="4" />
        <TextStyle id="32" font="Lucida Sans,0,11" color="0,0,0" orientation="0" isBackgroundColored="false" backgroundColor="255,255,255" />
      </ArtifactToShapeGraphicalRepresentation>
      <AddressedDiagramModelSlot id="33" isRequired="true" isReadOnly="false" />
      <GRSpec id="34" featureName="label" value="triggering.triggering.name" readOnly="true" />
    </ContainedConnectorPatternRole>
    <PrimaryRepresentationConnectorPatternRole idref="5" />
    <Inspector id="35" inspectorTitle="TrigerringGR" />
  </EditionPattern>
  <EditionPattern id="36" name="AssociationGR">
    <DeletionScheme id="37" name="deletion" label="deletion" skipConfirmationPanel="false" definePopupDefaultSize="false" width="800" height="600">
      <DeleteAction id="38" object="connector" />
    </DeletionScheme>
    <ContainedConnectorPatternRole id="39" patternRole="connector" name="connector" exampleLabel="label">
      <ConnectorGraphicalRepresentation id="40" className="org.openflexo.vpm.view.widget.EditionPatternPreviewConnectorGR" hasSelectedForeground="false" hasFocusedForeground="false" startSymbol="NONE" endSymbol="NONE" middleSymbol="NONE" startSymbolSize="10.0" endSymbolSize="10.0" middleSymbolSize="10.0" relativeMiddleSymbolLocation="0.5" applyForegroundToSymbols="true" identifier="object_2" layer="64" hasText="true" isMultilineAllowed="false" continuousTextEditing="true" absoluteTextX="0.0" absoluteTextY="0.0" paragraphAlignment="CENTER" horizontalTextAlignment="CENTER" verticalTextAlignment="MIDDLE" isSelectable="true" isFocusable="true" drawControlPointsWhenFocused="true" drawControlPointsWhenSelected="true" isReadOnly="false" isLabelEditable="true" isVisible="true">
        <ForegroundStyle id="41" noStroke="false" color="0,0,0" lineWidth="1.499999998509884" joinStyle="JOIN_MITER" capStyle="CAP_SQUARE" dashStyle="PLAIN_STROKE" useTransparency="false" transparencyLevel="0.5" />
        <SelectedForegroundStyle id="42" noStroke="false" color="0,0,0" lineWidth="1.0" joinStyle="JOIN_MITER" capStyle="CAP_SQUARE" dashStyle="PLAIN_STROKE" useTransparency="false" transparencyLevel="0.5" />
        <FocusedForegroundStyle id="43" noStroke="false" color="0,0,0" lineWidth="1.0" joinStyle="JOIN_MITER" capStyle="CAP_SQUARE" dashStyle="PLAIN_STROKE" useTransparency="false" transparencyLevel="0.5" />
        <RectPolylinConnector id="44" rectPolylinConstraints="NONE" straightLineWhenPossible="true" adjustability="BASICALLY_ADJUSTABLE" startOrientation="EAST" endOrientation="WEST" isRounded="true" arcSize="10" isStartingLocationFixed="false" isEndingLocationFixed="false" isStartingLocationDraggable="false" isEndingLocationDraggable="false" crossedControlPoint="0.3021148036253776,0.4754098360655738" />
        <TextStyle id="45" font="Lucida Sans,0,11" color="0,0,0" orientation="0" isBackgroundColored="false" backgroundColor="255,255,255" />
      </ConnectorGraphicalRepresentation>
      <ArtifactFromShapeGraphicalRepresentation id="46" className="org.openflexo.vpm.view.widget.EditionPatternConnectorFromArtefactGR" x="80.0" y="80.0" width="20.0" height="20.0" minimalWidth="0.0" minimalHeight="0.0" maximalWidth="Infinity" maximalHeight="Infinity" relativeTextX="0.5" relativeTextY="0.5" lineWrap="true" locationConstraints="FREELY_MOVABLE" dimensionConstraints="CONSTRAINED_DIMENSIONS" adjustMinimalWidthToLabelWidth="true" adjustMinimalHeightToLabelHeight="true" adjustMaximalWidthToLabelWidth="false" adjustMaximalHeightToLabelHeight="false" hasSelectedForeground="false" hasSelectedBackground="false" hasFocusedForeground="false" hasFocusedBackground="false" isFloatingLabel="true" allowToLeaveBounds="true" identifier="object_0" layer="1" hasText="true" isMultilineAllowed="true" continuousTextEditing="true" absoluteTextX="0.0" absoluteTextY="0.0" paragraphAlignment="CENTER" horizontalTextAlignment="CENTER" verticalTextAlignment="MIDDLE" isSelectable="false" isFocusable="true" drawControlPointsWhenFocused="true" drawControlPointsWhenSelected="true" isReadOnly="false" isLabelEditable="true" isVisible="true">
        <ForegroundStyle id="47" noStroke="false" color="255,204,0" lineWidth="1.0" joinStyle="JOIN_MITER" capStyle="CAP_SQUARE" dashStyle="PLAIN_STROKE" useTransparency="false" transparencyLevel="0.5" />
        <ColorBackgroundStyle id="48" color="255,255,204" useTransparency="false" transparencyLevel="0.5" />
        <SelectedForegroundStyle id="49" noStroke="false" color="255,204,0" lineWidth="1.0" joinStyle="JOIN_MITER" capStyle="CAP_SQUARE" dashStyle="PLAIN_STROKE" useTransparency="false" transparencyLevel="0.5" />
        <SelectedColorBackgroundStyle id="50" color="255,255,204" useTransparency="false" transparencyLevel="0.5" />
        <FocusedForegroundStyle id="51" noStroke="false" color="255,204,0" lineWidth="1.0" joinStyle="JOIN_MITER" capStyle="CAP_SQUARE" dashStyle="PLAIN_STROKE" useTransparency="false" transparencyLevel="0.5" />
        <FocusedColorBackgroundStyle id="52" color="255,255,204" useTransparency="false" transparencyLevel="0.5" />
        <Border id="53" top="20" bottom="20" left="20" right="20" />
        <CircleShape idref="20" />
        <ShadowStyle id="54" drawShadow="true" shadowDarkness="150" shadowDepth="2" shadowBlur="4" />
        <TextStyle id="55" font="Lucida Sans,0,11" color="0,0,0" orientation="0" isBackgroundColored="false" backgroundColor="255,255,255" />
      </ArtifactFromShapeGraphicalRepresentation>
      <ArtifactToShapeGraphicalRepresentation id="56" className="org.openflexo.vpm.view.widget.EditionPatternConnectorToArtefactGR" x="350.0" y="80.0" width="20.0" height="20.0" minimalWidth="0.0" minimalHeight="0.0" maximalWidth="Infinity" maximalHeight="Infinity" relativeTextX="0.5" relativeTextY="0.5" lineWrap="true" locationConstraints="FREELY_MOVABLE" dimensionConstraints="CONSTRAINED_DIMENSIONS" adjustMinimalWidthToLabelWidth="true" adjustMinimalHeightToLabelHeight="true" adjustMaximalWidthToLabelWidth="false" adjustMaximalHeightToLabelHeight="false" hasSelectedForeground="false" hasSelectedBackground="false" hasFocusedForeground="false" hasFocusedBackground="false" isFloatingLabel="true" allowToLeaveBounds="true" identifier="object_1" layer="1" hasText="true" isMultilineAllowed="true" continuousTextEditing="true" absoluteTextX="0.0" absoluteTextY="0.0" paragraphAlignment="CENTER" horizontalTextAlignment="CENTER" verticalTextAlignment="MIDDLE" isSelectable="false" isFocusable="true" drawControlPointsWhenFocused="true" drawControlPointsWhenSelected="true" isReadOnly="false" isLabelEditable="true" isVisible="true">
        <ForegroundStyle id="57" noStroke="false" color="255,204,0" lineWidth="1.0" joinStyle="JOIN_MITER" capStyle="CAP_SQUARE" dashStyle="PLAIN_STROKE" useTransparency="false" transparencyLevel="0.5" />
        <ColorBackgroundStyle id="58" color="255,255,204" useTransparency="false" transparencyLevel="0.5" />
        <SelectedForegroundStyle id="59" noStroke="false" color="255,204,0" lineWidth="1.0" joinStyle="JOIN_MITER" capStyle="CAP_SQUARE" dashStyle="PLAIN_STROKE" useTransparency="false" transparencyLevel="0.5" />
        <SelectedColorBackgroundStyle id="60" color="255,255,204" useTransparency="false" transparencyLevel="0.5" />
        <FocusedForegroundStyle id="61" noStroke="false" color="255,204,0" lineWidth="1.0" joinStyle="JOIN_MITER" capStyle="CAP_SQUARE" dashStyle="PLAIN_STROKE" useTransparency="false" transparencyLevel="0.5" />
        <FocusedColorBackgroundStyle id="62" color="255,255,204" useTransparency="false" transparencyLevel="0.5" />
        <Border id="63" top="20" bottom="20" left="20" right="20" />
        <CircleShape idref="20" />
        <ShadowStyle id="64" drawShadow="true" shadowDarkness="150" shadowDepth="2" shadowBlur="4" />
        <TextStyle id="65" font="Lucida Sans,0,11" color="0,0,0" orientation="0" isBackgroundColored="false" backgroundColor="255,255,255" />
      </ArtifactToShapeGraphicalRepresentation>
      <AddressedDiagramModelSlot idref="33" />
      <GRSpec id="66" featureName="label" value="association.association.name" readOnly="true" />
    </ContainedConnectorPatternRole>
    <PrimaryRepresentationConnectorPatternRole idref="39" />
    <Inspector id="67" inspectorTitle="AssociationGR" />
  </EditionPattern>
  <EditionPattern id="68" name="CompositionGR">
    <DeletionScheme id="69" name="deletion" label="deletion" skipConfirmationPanel="false" definePopupDefaultSize="false" width="800" height="600">
      <DeleteAction id="70" object="connector" />
    </DeletionScheme>
    <ContainedConnectorPatternRole id="71" patternRole="connector" name="connector" exampleLabel="label">
      <ConnectorGraphicalRepresentation id="72" className="org.openflexo.vpm.view.widget.EditionPatternPreviewConnectorGR" hasSelectedForeground="false" hasFocusedForeground="false" startSymbol="FILLED_DIAMOND" endSymbol="NONE" middleSymbol="NONE" startSymbolSize="20.0" endSymbolSize="10.0" middleSymbolSize="10.0" relativeMiddleSymbolLocation="0.5" applyForegroundToSymbols="true" identifier="object_2" layer="64" hasText="true" isMultilineAllowed="true" continuousTextEditing="true" absoluteTextX="0.0" absoluteTextY="0.0" paragraphAlignment="CENTER" horizontalTextAlignment="CENTER" verticalTextAlignment="MIDDLE" isSelectable="true" isFocusable="true" drawControlPointsWhenFocused="true" drawControlPointsWhenSelected="true" isReadOnly="false" isLabelEditable="true" isVisible="true">
        <ForegroundStyle id="73" noStroke="false" color="0,0,0" lineWidth="1.500000001490116" joinStyle="JOIN_MITER" capStyle="CAP_SQUARE" dashStyle="PLAIN_STROKE" useTransparency="false" transparencyLevel="0.5" />
        <SelectedForegroundStyle id="74" noStroke="false" color="0,0,0" lineWidth="1.0" joinStyle="JOIN_MITER" capStyle="CAP_SQUARE" dashStyle="PLAIN_STROKE" useTransparency="false" transparencyLevel="0.5" />
        <FocusedForegroundStyle id="75" noStroke="false" color="0,0,0" lineWidth="1.0" joinStyle="JOIN_MITER" capStyle="CAP_SQUARE" dashStyle="PLAIN_STROKE" useTransparency="false" transparencyLevel="0.5" />
        <LineConnector id="76" lineConnectorType="MINIMAL_LENGTH" />
        <TextStyle id="77" font="Lucida Sans,0,11" color="0,0,0" orientation="0" isBackgroundColored="false" backgroundColor="255,255,255" />
      </ConnectorGraphicalRepresentation>
      <ArtifactFromShapeGraphicalRepresentation id="78" className="org.openflexo.vpm.view.widget.EditionPatternConnectorFromArtefactGR" x="80.0" y="80.0" width="20.0" height="20.0" minimalWidth="0.0" minimalHeight="0.0" maximalWidth="Infinity" maximalHeight="Infinity" relativeTextX="0.5" relativeTextY="0.5" lineWrap="true" locationConstraints="FREELY_MOVABLE" dimensionConstraints="CONSTRAINED_DIMENSIONS" adjustMinimalWidthToLabelWidth="true" adjustMinimalHeightToLabelHeight="true" adjustMaximalWidthToLabelWidth="false" adjustMaximalHeightToLabelHeight="false" hasSelectedForeground="false" hasSelectedBackground="false" hasFocusedForeground="false" hasFocusedBackground="false" isFloatingLabel="true" allowToLeaveBounds="true" identifier="object_0" layer="1" hasText="true" isMultilineAllowed="true" continuousTextEditing="true" absoluteTextX="0.0" absoluteTextY="0.0" paragraphAlignment="CENTER" horizontalTextAlignment="CENTER" verticalTextAlignment="MIDDLE" isSelectable="false" isFocusable="true" drawControlPointsWhenFocused="true" drawControlPointsWhenSelected="true" isReadOnly="false" isLabelEditable="true" isVisible="true">
        <ForegroundStyle id="79" noStroke="false" color="255,204,0" lineWidth="1.0" joinStyle="JOIN_MITER" capStyle="CAP_SQUARE" dashStyle="PLAIN_STROKE" useTransparency="false" transparencyLevel="0.5" />
        <ColorBackgroundStyle id="80" color="255,255,204" useTransparency="false" transparencyLevel="0.5" />
        <SelectedForegroundStyle id="81" noStroke="false" color="255,204,0" lineWidth="1.0" joinStyle="JOIN_MITER" capStyle="CAP_SQUARE" dashStyle="PLAIN_STROKE" useTransparency="false" transparencyLevel="0.5" />
        <SelectedColorBackgroundStyle id="82" color="255,255,204" useTransparency="false" transparencyLevel="0.5" />
        <FocusedForegroundStyle id="83" noStroke="false" color="255,204,0" lineWidth="1.0" joinStyle="JOIN_MITER" capStyle="CAP_SQUARE" dashStyle="PLAIN_STROKE" useTransparency="false" transparencyLevel="0.5" />
        <FocusedColorBackgroundStyle id="84" color="255,255,204" useTransparency="false" transparencyLevel="0.5" />
        <Border id="85" top="20" bottom="20" left="20" right="20" />
        <CircleShape idref="20" />
        <ShadowStyle id="86" drawShadow="true" shadowDarkness="150" shadowDepth="2" shadowBlur="4" />
        <TextStyle id="87" font="Lucida Sans,0,11" color="0,0,0" orientation="0" isBackgroundColored="false" backgroundColor="255,255,255" />
      </ArtifactFromShapeGraphicalRepresentation>
      <ArtifactToShapeGraphicalRepresentation id="88" className="org.openflexo.vpm.view.widget.EditionPatternConnectorToArtefactGR" x="350.0" y="80.0" width="20.0" height="20.0" minimalWidth="0.0" minimalHeight="0.0" maximalWidth="Infinity" maximalHeight="Infinity" relativeTextX="0.5" relativeTextY="0.5" lineWrap="true" locationConstraints="FREELY_MOVABLE" dimensionConstraints="CONSTRAINED_DIMENSIONS" adjustMinimalWidthToLabelWidth="true" adjustMinimalHeightToLabelHeight="true" adjustMaximalWidthToLabelWidth="false" adjustMaximalHeightToLabelHeight="false" hasSelectedForeground="false" hasSelectedBackground="false" hasFocusedForeground="false" hasFocusedBackground="false" isFloatingLabel="true" allowToLeaveBounds="true" identifier="object_1" layer="1" hasText="true" isMultilineAllowed="true" continuousTextEditing="true" absoluteTextX="0.0" absoluteTextY="0.0" paragraphAlignment="CENTER" horizontalTextAlignment="CENTER" verticalTextAlignment="MIDDLE" isSelectable="false" isFocusable="true" drawControlPointsWhenFocused="true" drawControlPointsWhenSelected="true" isReadOnly="false" isLabelEditable="true" isVisible="true">
        <ForegroundStyle id="89" noStroke="false" color="255,204,0" lineWidth="1.0" joinStyle="JOIN_MITER" capStyle="CAP_SQUARE" dashStyle="PLAIN_STROKE" useTransparency="false" transparencyLevel="0.5" />
        <ColorBackgroundStyle id="90" color="255,255,204" useTransparency="false" transparencyLevel="0.5" />
        <SelectedForegroundStyle id="91" noStroke="false" color="255,204,0" lineWidth="1.0" joinStyle="JOIN_MITER" capStyle="CAP_SQUARE" dashStyle="PLAIN_STROKE" useTransparency="false" transparencyLevel="0.5" />
        <SelectedColorBackgroundStyle id="92" color="255,255,204" useTransparency="false" transparencyLevel="0.5" />
        <FocusedForegroundStyle id="93" noStroke="false" color="255,204,0" lineWidth="1.0" joinStyle="JOIN_MITER" capStyle="CAP_SQUARE" dashStyle="PLAIN_STROKE" useTransparency="false" transparencyLevel="0.5" />
        <FocusedColorBackgroundStyle id="94" color="255,255,204" useTransparency="false" transparencyLevel="0.5" />
        <Border id="95" top="20" bottom="20" left="20" right="20" />
        <CircleShape idref="20" />
        <ShadowStyle id="96" drawShadow="true" shadowDarkness="150" shadowDepth="2" shadowBlur="4" />
        <TextStyle id="97" font="Lucida Sans,0,11" color="0,0,0" orientation="0" isBackgroundColored="false" backgroundColor="255,255,255" />
      </ArtifactToShapeGraphicalRepresentation>
      <AddressedDiagramModelSlot idref="33" />
      <GRSpec id="98" featureName="label" value="composition.composition.name" readOnly="false" />
    </ContainedConnectorPatternRole>
    <PrimaryRepresentationConnectorPatternRole idref="71" />
    <Inspector id="99" inspectorTitle="CompositionGR" />
  </EditionPattern>
  <EditionPattern id="100" name="FlowGR">
    <DeletionScheme id="101" name="deletion" label="deletion" skipConfirmationPanel="false" definePopupDefaultSize="false" width="800" height="600">
      <DeleteAction id="102" object="connector" />
    </DeletionScheme>
    <ContainedConnectorPatternRole id="103" patternRole="connector" name="connector" exampleLabel="label">
      <ConnectorGraphicalRepresentation id="104" className="org.openflexo.vpm.view.widget.EditionPatternPreviewConnectorGR" hasSelectedForeground="false" hasFocusedForeground="false" startSymbol="NONE" endSymbol="FILLED_ARROW" middleSymbol="NONE" startSymbolSize="10.0" endSymbolSize="15.0" middleSymbolSize="10.0" relativeMiddleSymbolLocation="0.5" applyForegroundToSymbols="true" identifier="object_2" layer="64" hasText="true" isMultilineAllowed="true" continuousTextEditing="true" absoluteTextX="0.0" absoluteTextY="0.0" paragraphAlignment="CENTER" horizontalTextAlignment="CENTER" verticalTextAlignment="MIDDLE" isSelectable="true" isFocusable="true" drawControlPointsWhenFocused="true" drawControlPointsWhenSelected="true" isReadOnly="false" isLabelEditable="true" isVisible="true">
        <ForegroundStyle id="105" noStroke="false" color="0,0,0" lineWidth="1.500000001490116" joinStyle="JOIN_MITER" capStyle="CAP_SQUARE" dashStyle="DOT_LINES_DASHES" useTransparency="false" transparencyLevel="0.5" />
        <SelectedForegroundStyle id="106" noStroke="false" color="0,0,0" lineWidth="1.0" joinStyle="JOIN_MITER" capStyle="CAP_SQUARE" dashStyle="PLAIN_STROKE" useTransparency="false" transparencyLevel="0.5" />
        <FocusedForegroundStyle id="107" noStroke="false" color="0,0,0" lineWidth="1.0" joinStyle="JOIN_MITER" capStyle="CAP_SQUARE" dashStyle="PLAIN_STROKE" useTransparency="false" transparencyLevel="0.5" />
        <LineConnector id="108" lineConnectorType="MINIMAL_LENGTH" />
        <TextStyle id="109" font="Lucida Sans,0,11" color="0,0,0" orientation="0" isBackgroundColored="false" backgroundColor="255,255,255" />
      </ConnectorGraphicalRepresentation>
      <ArtifactFromShapeGraphicalRepresentation id="110" className="org.openflexo.vpm.view.widget.EditionPatternConnectorFromArtefactGR" x="80.0" y="80.0" width="20.0" height="20.0" minimalWidth="0.0" minimalHeight="0.0" maximalWidth="Infinity" maximalHeight="Infinity" relativeTextX="0.5" relativeTextY="0.5" lineWrap="true" locationConstraints="FREELY_MOVABLE" dimensionConstraints="CONSTRAINED_DIMENSIONS" adjustMinimalWidthToLabelWidth="true" adjustMinimalHeightToLabelHeight="true" adjustMaximalWidthToLabelWidth="false" adjustMaximalHeightToLabelHeight="false" hasSelectedForeground="false" hasSelectedBackground="false" hasFocusedForeground="false" hasFocusedBackground="false" isFloatingLabel="true" allowToLeaveBounds="true" identifier="object_0" layer="1" hasText="true" isMultilineAllowed="true" continuousTextEditing="true" absoluteTextX="0.0" absoluteTextY="0.0" paragraphAlignment="CENTER" horizontalTextAlignment="CENTER" verticalTextAlignment="MIDDLE" isSelectable="false" isFocusable="true" drawControlPointsWhenFocused="true" drawControlPointsWhenSelected="true" isReadOnly="false" isLabelEditable="true" isVisible="true">
        <ForegroundStyle id="111" noStroke="false" color="255,204,0" lineWidth="1.0" joinStyle="JOIN_MITER" capStyle="CAP_SQUARE" dashStyle="PLAIN_STROKE" useTransparency="false" transparencyLevel="0.5" />
        <ColorBackgroundStyle id="112" color="255,255,204" useTransparency="false" transparencyLevel="0.5" />
        <SelectedForegroundStyle id="113" noStroke="false" color="255,204,0" lineWidth="1.0" joinStyle="JOIN_MITER" capStyle="CAP_SQUARE" dashStyle="PLAIN_STROKE" useTransparency="false" transparencyLevel="0.5" />
        <SelectedColorBackgroundStyle id="114" color="255,255,204" useTransparency="false" transparencyLevel="0.5" />
        <FocusedForegroundStyle id="115" noStroke="false" color="255,204,0" lineWidth="1.0" joinStyle="JOIN_MITER" capStyle="CAP_SQUARE" dashStyle="PLAIN_STROKE" useTransparency="false" transparencyLevel="0.5" />
        <FocusedColorBackgroundStyle id="116" color="255,255,204" useTransparency="false" transparencyLevel="0.5" />
        <Border id="117" top="20" bottom="20" left="20" right="20" />
        <CircleShape idref="20" />
        <ShadowStyle id="118" drawShadow="true" shadowDarkness="150" shadowDepth="2" shadowBlur="4" />
        <TextStyle id="119" font="Lucida Sans,0,11" color="0,0,0" orientation="0" isBackgroundColored="false" backgroundColor="255,255,255" />
      </ArtifactFromShapeGraphicalRepresentation>
      <ArtifactToShapeGraphicalRepresentation id="120" className="org.openflexo.vpm.view.widget.EditionPatternConnectorToArtefactGR" x="350.0" y="80.0" width="20.0" height="20.0" minimalWidth="0.0" minimalHeight="0.0" maximalWidth="Infinity" maximalHeight="Infinity" relativeTextX="0.5" relativeTextY="0.5" lineWrap="true" locationConstraints="FREELY_MOVABLE" dimensionConstraints="CONSTRAINED_DIMENSIONS" adjustMinimalWidthToLabelWidth="true" adjustMinimalHeightToLabelHeight="true" adjustMaximalWidthToLabelWidth="false" adjustMaximalHeightToLabelHeight="false" hasSelectedForeground="false" hasSelectedBackground="false" hasFocusedForeground="false" hasFocusedBackground="false" isFloatingLabel="true" allowToLeaveBounds="true" identifier="object_1" layer="1" hasText="true" isMultilineAllowed="true" continuousTextEditing="true" absoluteTextX="0.0" absoluteTextY="0.0" paragraphAlignment="CENTER" horizontalTextAlignment="CENTER" verticalTextAlignment="MIDDLE" isSelectable="false" isFocusable="true" drawControlPointsWhenFocused="true" drawControlPointsWhenSelected="true" isReadOnly="false" isLabelEditable="true" isVisible="true">
        <ForegroundStyle id="121" noStroke="false" color="255,204,0" lineWidth="1.0" joinStyle="JOIN_MITER" capStyle="CAP_SQUARE" dashStyle="PLAIN_STROKE" useTransparency="false" transparencyLevel="0.5" />
        <ColorBackgroundStyle id="122" color="255,255,204" useTransparency="false" transparencyLevel="0.5" />
        <SelectedForegroundStyle id="123" noStroke="false" color="255,204,0" lineWidth="1.0" joinStyle="JOIN_MITER" capStyle="CAP_SQUARE" dashStyle="PLAIN_STROKE" useTransparency="false" transparencyLevel="0.5" />
        <SelectedColorBackgroundStyle id="124" color="255,255,204" useTransparency="false" transparencyLevel="0.5" />
        <FocusedForegroundStyle id="125" noStroke="false" color="255,204,0" lineWidth="1.0" joinStyle="JOIN_MITER" capStyle="CAP_SQUARE" dashStyle="PLAIN_STROKE" useTransparency="false" transparencyLevel="0.5" />
        <FocusedColorBackgroundStyle id="126" color="255,255,204" useTransparency="false" transparencyLevel="0.5" />
        <Border id="127" top="20" bottom="20" left="20" right="20" />
        <CircleShape idref="20" />
        <ShadowStyle id="128" drawShadow="true" shadowDarkness="150" shadowDepth="2" shadowBlur="4" />
        <TextStyle id="129" font="Lucida Sans,0,11" color="0,0,0" orientation="0" isBackgroundColored="false" backgroundColor="255,255,255" />
      </ArtifactToShapeGraphicalRepresentation>
      <AddressedDiagramModelSlot idref="33" />
      <GRSpec id="130" featureName="label" value="flow.flow.name" readOnly="false" />
    </ContainedConnectorPatternRole>
    <PrimaryRepresentationConnectorPatternRole idref="103" />
    <Inspector id="131" inspectorTitle="FlowGR" />
  </EditionPattern>
  <EditionPattern id="132" name="AggregationGR">
    <DeletionScheme id="133" name="deletion" label="deletion" skipConfirmationPanel="false" definePopupDefaultSize="false" width="800" height="600">
      <DeleteAction id="134" object="connector" />
    </DeletionScheme>
    <ContainedConnectorPatternRole id="135" patternRole="connector" name="connector" exampleLabel="label">
      <ConnectorGraphicalRepresentation id="136" className="org.openflexo.vpm.view.widget.EditionPatternPreviewConnectorGR" hasSelectedForeground="false" hasFocusedForeground="false" startSymbol="PLAIN_DIAMOND" endSymbol="NONE" middleSymbol="NONE" startSymbolSize="20.0" endSymbolSize="10.0" middleSymbolSize="10.0" relativeMiddleSymbolLocation="0.5" applyForegroundToSymbols="true" identifier="object_2" layer="64" hasText="true" isMultilineAllowed="true" continuousTextEditing="true" absoluteTextX="0.0" absoluteTextY="0.0" paragraphAlignment="CENTER" horizontalTextAlignment="CENTER" verticalTextAlignment="MIDDLE" isSelectable="true" isFocusable="true" drawControlPointsWhenFocused="true" drawControlPointsWhenSelected="true" isReadOnly="false" isLabelEditable="true" isVisible="true">
        <ForegroundStyle id="137" noStroke="false" color="0,0,0" lineWidth="1.500000001490116" joinStyle="JOIN_MITER" capStyle="CAP_SQUARE" dashStyle="PLAIN_STROKE" useTransparency="false" transparencyLevel="0.5" />
        <SelectedForegroundStyle id="138" noStroke="false" color="0,0,0" lineWidth="1.0" joinStyle="JOIN_MITER" capStyle="CAP_SQUARE" dashStyle="PLAIN_STROKE" useTransparency="false" transparencyLevel="0.5" />
        <FocusedForegroundStyle id="139" noStroke="false" color="0,0,0" lineWidth="1.0" joinStyle="JOIN_MITER" capStyle="CAP_SQUARE" dashStyle="PLAIN_STROKE" useTransparency="false" transparencyLevel="0.5" />
        <LineConnector id="140" lineConnectorType="MINIMAL_LENGTH" />
        <TextStyle id="141" font="Lucida Sans,0,11" color="0,0,0" orientation="0" isBackgroundColored="false" backgroundColor="255,255,255" />
      </ConnectorGraphicalRepresentation>
      <ArtifactFromShapeGraphicalRepresentation id="142" className="org.openflexo.vpm.view.widget.EditionPatternConnectorFromArtefactGR" x="80.0" y="80.0" width="20.0" height="20.0" minimalWidth="0.0" minimalHeight="0.0" maximalWidth="Infinity" maximalHeight="Infinity" relativeTextX="0.5" relativeTextY="0.5" lineWrap="true" locationConstraints="FREELY_MOVABLE" dimensionConstraints="CONSTRAINED_DIMENSIONS" adjustMinimalWidthToLabelWidth="true" adjustMinimalHeightToLabelHeight="true" adjustMaximalWidthToLabelWidth="false" adjustMaximalHeightToLabelHeight="false" hasSelectedForeground="false" hasSelectedBackground="false" hasFocusedForeground="false" hasFocusedBackground="false" isFloatingLabel="true" allowToLeaveBounds="true" identifier="object_0" layer="1" hasText="true" isMultilineAllowed="true" continuousTextEditing="true" absoluteTextX="0.0" absoluteTextY="0.0" paragraphAlignment="CENTER" horizontalTextAlignment="CENTER" verticalTextAlignment="MIDDLE" isSelectable="false" isFocusable="true" drawControlPointsWhenFocused="true" drawControlPointsWhenSelected="true" isReadOnly="false" isLabelEditable="true" isVisible="true">
        <ForegroundStyle id="143" noStroke="false" color="255,204,0" lineWidth="1.0" joinStyle="JOIN_MITER" capStyle="CAP_SQUARE" dashStyle="PLAIN_STROKE" useTransparency="false" transparencyLevel="0.5" />
        <ColorBackgroundStyle id="144" color="255,255,204" useTransparency="false" transparencyLevel="0.5" />
        <SelectedForegroundStyle id="145" noStroke="false" color="255,204,0" lineWidth="1.0" joinStyle="JOIN_MITER" capStyle="CAP_SQUARE" dashStyle="PLAIN_STROKE" useTransparency="false" transparencyLevel="0.5" />
        <SelectedColorBackgroundStyle id="146" color="255,255,204" useTransparency="false" transparencyLevel="0.5" />
        <FocusedForegroundStyle id="147" noStroke="false" color="255,204,0" lineWidth="1.0" joinStyle="JOIN_MITER" capStyle="CAP_SQUARE" dashStyle="PLAIN_STROKE" useTransparency="false" transparencyLevel="0.5" />
        <FocusedColorBackgroundStyle id="148" color="255,255,204" useTransparency="false" transparencyLevel="0.5" />
        <Border id="149" top="20" bottom="20" left="20" right="20" />
        <CircleShape idref="20" />
        <ShadowStyle id="150" drawShadow="true" shadowDarkness="150" shadowDepth="2" shadowBlur="4" />
        <TextStyle id="151" font="Lucida Sans,0,11" color="0,0,0" orientation="0" isBackgroundColored="false" backgroundColor="255,255,255" />
      </ArtifactFromShapeGraphicalRepresentation>
      <ArtifactToShapeGraphicalRepresentation id="152" className="org.openflexo.vpm.view.widget.EditionPatternConnectorToArtefactGR" x="350.0" y="80.0" width="20.0" height="20.0" minimalWidth="0.0" minimalHeight="0.0" maximalWidth="Infinity" maximalHeight="Infinity" relativeTextX="0.5" relativeTextY="0.5" lineWrap="true" locationConstraints="FREELY_MOVABLE" dimensionConstraints="CONSTRAINED_DIMENSIONS" adjustMinimalWidthToLabelWidth="true" adjustMinimalHeightToLabelHeight="true" adjustMaximalWidthToLabelWidth="false" adjustMaximalHeightToLabelHeight="false" hasSelectedForeground="false" hasSelectedBackground="false" hasFocusedForeground="false" hasFocusedBackground="false" isFloatingLabel="true" allowToLeaveBounds="true" identifier="object_1" layer="1" hasText="true" isMultilineAllowed="true" continuousTextEditing="true" absoluteTextX="0.0" absoluteTextY="0.0" paragraphAlignment="CENTER" horizontalTextAlignment="CENTER" verticalTextAlignment="MIDDLE" isSelectable="false" isFocusable="true" drawControlPointsWhenFocused="true" drawControlPointsWhenSelected="true" isReadOnly="false" isLabelEditable="true" isVisible="true">
        <ForegroundStyle id="153" noStroke="false" color="255,204,0" lineWidth="1.0" joinStyle="JOIN_MITER" capStyle="CAP_SQUARE" dashStyle="PLAIN_STROKE" useTransparency="false" transparencyLevel="0.5" />
        <ColorBackgroundStyle id="154" color="255,255,204" useTransparency="false" transparencyLevel="0.5" />
        <SelectedForegroundStyle id="155" noStroke="false" color="255,204,0" lineWidth="1.0" joinStyle="JOIN_MITER" capStyle="CAP_SQUARE" dashStyle="PLAIN_STROKE" useTransparency="false" transparencyLevel="0.5" />
        <SelectedColorBackgroundStyle id="156" color="255,255,204" useTransparency="false" transparencyLevel="0.5" />
        <FocusedForegroundStyle id="157" noStroke="false" color="255,204,0" lineWidth="1.0" joinStyle="JOIN_MITER" capStyle="CAP_SQUARE" dashStyle="PLAIN_STROKE" useTransparency="false" transparencyLevel="0.5" />
        <FocusedColorBackgroundStyle id="158" color="255,255,204" useTransparency="false" transparencyLevel="0.5" />
        <Border id="159" top="20" bottom="20" left="20" right="20" />
        <CircleShape idref="20" />
        <ShadowStyle id="160" drawShadow="true" shadowDarkness="150" shadowDepth="2" shadowBlur="4" />
        <TextStyle id="161" font="Lucida Sans,0,11" color="0,0,0" orientation="0" isBackgroundColored="false" backgroundColor="255,255,255" />
      </ArtifactToShapeGraphicalRepresentation>
      <AddressedDiagramModelSlot idref="33" />
      <GRSpec id="162" featureName="label" value="aggregation.aggregation.name" readOnly="false" />
    </ContainedConnectorPatternRole>
    <PrimaryRepresentationConnectorPatternRole idref="135" />
    <Inspector id="163" inspectorTitle="AggregationGR" />
  </EditionPattern>
  <EditionPattern id="164" name="SpecializationGR">
    <DeletionScheme id="165" name="deletion" label="deletion" skipConfirmationPanel="false" definePopupDefaultSize="false" width="800" height="600">
      <DeleteAction id="166" object="connector" />
    </DeletionScheme>
    <ContainedConnectorPatternRole id="167" patternRole="connector" name="connector" exampleLabel="label">
      <ConnectorGraphicalRepresentation id="168" className="org.openflexo.vpm.view.widget.EditionPatternPreviewConnectorGR" hasSelectedForeground="false" hasFocusedForeground="false" startSymbol="NONE" endSymbol="PLAIN_ARROW" middleSymbol="NONE" startSymbolSize="10.0" endSymbolSize="20.0" middleSymbolSize="10.0" relativeMiddleSymbolLocation="0.5" applyForegroundToSymbols="true" identifier="object_2" layer="64" hasText="true" isMultilineAllowed="true" continuousTextEditing="true" absoluteTextX="0.0" absoluteTextY="0.0" paragraphAlignment="CENTER" horizontalTextAlignment="CENTER" verticalTextAlignment="MIDDLE" isSelectable="true" isFocusable="true" drawControlPointsWhenFocused="true" drawControlPointsWhenSelected="true" isReadOnly="false" isLabelEditable="true" isVisible="true">
        <ForegroundStyle id="169" noStroke="false" color="0,0,0" lineWidth="1.500000001490116" joinStyle="JOIN_MITER" capStyle="CAP_SQUARE" dashStyle="PLAIN_STROKE" useTransparency="false" transparencyLevel="0.5" />
        <SelectedForegroundStyle id="170" noStroke="false" color="0,0,0" lineWidth="1.0" joinStyle="JOIN_MITER" capStyle="CAP_SQUARE" dashStyle="PLAIN_STROKE" useTransparency="false" transparencyLevel="0.5" />
        <FocusedForegroundStyle id="171" noStroke="false" color="0,0,0" lineWidth="1.0" joinStyle="JOIN_MITER" capStyle="CAP_SQUARE" dashStyle="PLAIN_STROKE" useTransparency="false" transparencyLevel="0.5" />
        <LineConnector id="172" lineConnectorType="MINIMAL_LENGTH" />
        <TextStyle id="173" font="Lucida Sans,0,11" color="0,0,0" orientation="0" isBackgroundColored="false" backgroundColor="255,255,255" />
      </ConnectorGraphicalRepresentation>
      <ArtifactFromShapeGraphicalRepresentation id="174" className="org.openflexo.vpm.view.widget.EditionPatternConnectorFromArtefactGR" x="80.0" y="80.0" width="20.0" height="20.0" minimalWidth="0.0" minimalHeight="0.0" maximalWidth="Infinity" maximalHeight="Infinity" relativeTextX="0.5" relativeTextY="0.5" lineWrap="true" locationConstraints="FREELY_MOVABLE" dimensionConstraints="CONSTRAINED_DIMENSIONS" adjustMinimalWidthToLabelWidth="true" adjustMinimalHeightToLabelHeight="true" adjustMaximalWidthToLabelWidth="false" adjustMaximalHeightToLabelHeight="false" hasSelectedForeground="false" hasSelectedBackground="false" hasFocusedForeground="false" hasFocusedBackground="false" isFloatingLabel="true" allowToLeaveBounds="true" identifier="object_0" layer="1" hasText="true" isMultilineAllowed="true" continuousTextEditing="true" absoluteTextX="0.0" absoluteTextY="0.0" paragraphAlignment="CENTER" horizontalTextAlignment="CENTER" verticalTextAlignment="MIDDLE" isSelectable="false" isFocusable="true" drawControlPointsWhenFocused="true" drawControlPointsWhenSelected="true" isReadOnly="false" isLabelEditable="true" isVisible="true">
        <ForegroundStyle id="175" noStroke="false" color="255,204,0" lineWidth="1.0" joinStyle="JOIN_MITER" capStyle="CAP_SQUARE" dashStyle="PLAIN_STROKE" useTransparency="false" transparencyLevel="0.5" />
        <ColorBackgroundStyle id="176" color="255,255,204" useTransparency="false" transparencyLevel="0.5" />
        <SelectedForegroundStyle id="177" noStroke="false" color="255,204,0" lineWidth="1.0" joinStyle="JOIN_MITER" capStyle="CAP_SQUARE" dashStyle="PLAIN_STROKE" useTransparency="false" transparencyLevel="0.5" />
        <SelectedColorBackgroundStyle id="178" color="255,255,204" useTransparency="false" transparencyLevel="0.5" />
        <FocusedForegroundStyle id="179" noStroke="false" color="255,204,0" lineWidth="1.0" joinStyle="JOIN_MITER" capStyle="CAP_SQUARE" dashStyle="PLAIN_STROKE" useTransparency="false" transparencyLevel="0.5" />
        <FocusedColorBackgroundStyle id="180" color="255,255,204" useTransparency="false" transparencyLevel="0.5" />
        <Border id="181" top="20" bottom="20" left="20" right="20" />
        <CircleShape idref="20" />
        <ShadowStyle id="182" drawShadow="true" shadowDarkness="150" shadowDepth="2" shadowBlur="4" />
        <TextStyle id="183" font="Lucida Sans,0,11" color="0,0,0" orientation="0" isBackgroundColored="false" backgroundColor="255,255,255" />
      </ArtifactFromShapeGraphicalRepresentation>
      <ArtifactToShapeGraphicalRepresentation id="184" className="org.openflexo.vpm.view.widget.EditionPatternConnectorToArtefactGR" x="350.0" y="80.0" width="20.0" height="20.0" minimalWidth="0.0" minimalHeight="0.0" maximalWidth="Infinity" maximalHeight="Infinity" relativeTextX="0.5" relativeTextY="0.5" lineWrap="true" locationConstraints="FREELY_MOVABLE" dimensionConstraints="CONSTRAINED_DIMENSIONS" adjustMinimalWidthToLabelWidth="true" adjustMinimalHeightToLabelHeight="true" adjustMaximalWidthToLabelWidth="false" adjustMaximalHeightToLabelHeight="false" hasSelectedForeground="false" hasSelectedBackground="false" hasFocusedForeground="false" hasFocusedBackground="false" isFloatingLabel="true" allowToLeaveBounds="true" identifier="object_1" layer="1" hasText="true" isMultilineAllowed="true" continuousTextEditing="true" absoluteTextX="0.0" absoluteTextY="0.0" paragraphAlignment="CENTER" horizontalTextAlignment="CENTER" verticalTextAlignment="MIDDLE" isSelectable="false" isFocusable="true" drawControlPointsWhenFocused="true" drawControlPointsWhenSelected="true" isReadOnly="false" isLabelEditable="true" isVisible="true">
        <ForegroundStyle id="185" noStroke="false" color="255,204,0" lineWidth="1.0" joinStyle="JOIN_MITER" capStyle="CAP_SQUARE" dashStyle="PLAIN_STROKE" useTransparency="false" transparencyLevel="0.5" />
        <ColorBackgroundStyle id="186" color="255,255,204" useTransparency="false" transparencyLevel="0.5" />
        <SelectedForegroundStyle id="187" noStroke="false" color="255,204,0" lineWidth="1.0" joinStyle="JOIN_MITER" capStyle="CAP_SQUARE" dashStyle="PLAIN_STROKE" useTransparency="false" transparencyLevel="0.5" />
        <SelectedColorBackgroundStyle id="188" color="255,255,204" useTransparency="false" transparencyLevel="0.5" />
        <FocusedForegroundStyle id="189" noStroke="false" color="255,204,0" lineWidth="1.0" joinStyle="JOIN_MITER" capStyle="CAP_SQUARE" dashStyle="PLAIN_STROKE" useTransparency="false" transparencyLevel="0.5" />
        <FocusedColorBackgroundStyle id="190" color="255,255,204" useTransparency="false" transparencyLevel="0.5" />
        <Border id="191" top="20" bottom="20" left="20" right="20" />
        <CircleShape idref="20" />
        <ShadowStyle id="192" drawShadow="true" shadowDarkness="150" shadowDepth="2" shadowBlur="4" />
        <TextStyle id="193" font="Lucida Sans,0,11" color="0,0,0" orientation="0" isBackgroundColored="false" backgroundColor="255,255,255" />
      </ArtifactToShapeGraphicalRepresentation>
      <AddressedDiagramModelSlot idref="33" />
      <GRSpec id="194" featureName="label" value="specialization.specialization.name" readOnly="false" />
    </ContainedConnectorPatternRole>
    <PrimaryRepresentationConnectorPatternRole idref="167" />
    <Inspector id="195" inspectorTitle="SpecialisationGR" />
  </EditionPattern>
  <EditionPattern id="196" name="UsedbyGR">
    <DeletionScheme id="197" name="deletion" label="deletion" skipConfirmationPanel="false" definePopupDefaultSize="false" width="800" height="600">
      <DeleteAction id="198" object="connector" />
    </DeletionScheme>
    <ContainedConnectorPatternRole id="199" patternRole="connector" name="connector" exampleLabel="label">
      <ConnectorGraphicalRepresentation id="200" className="org.openflexo.vpm.view.widget.EditionPatternPreviewConnectorGR" hasSelectedForeground="false" hasFocusedForeground="false" startSymbol="NONE" endSymbol="ARROW" middleSymbol="NONE" startSymbolSize="10.0" endSymbolSize="15.0" middleSymbolSize="10.0" relativeMiddleSymbolLocation="0.5" applyForegroundToSymbols="true" identifier="object_2" layer="64" hasText="true" isMultilineAllowed="true" continuousTextEditing="true" absoluteTextX="0.0" absoluteTextY="0.0" paragraphAlignment="CENTER" horizontalTextAlignment="CENTER" verticalTextAlignment="MIDDLE" isSelectable="true" isFocusable="true" drawControlPointsWhenFocused="true" drawControlPointsWhenSelected="true" isReadOnly="false" isLabelEditable="true" isVisible="true">
        <ForegroundStyle id="201" noStroke="false" color="0,0,0" lineWidth="1.500000001490116" joinStyle="JOIN_MITER" capStyle="CAP_SQUARE" dashStyle="PLAIN_STROKE" useTransparency="false" transparencyLevel="0.5" />
        <SelectedForegroundStyle id="202" noStroke="false" color="0,0,0" lineWidth="1.0" joinStyle="JOIN_MITER" capStyle="CAP_SQUARE" dashStyle="PLAIN_STROKE" useTransparency="false" transparencyLevel="0.5" />
        <FocusedForegroundStyle id="203" noStroke="false" color="0,0,0" lineWidth="1.0" joinStyle="JOIN_MITER" capStyle="CAP_SQUARE" dashStyle="PLAIN_STROKE" useTransparency="false" transparencyLevel="0.5" />
        <RectPolylinConnector id="204" rectPolylinConstraints="NONE" straightLineWhenPossible="true" adjustability="AUTO_LAYOUT" startOrientation="EAST" endOrientation="WEST" isRounded="false" arcSize="5" isStartingLocationFixed="false" isEndingLocationFixed="false" isStartingLocationDraggable="false" isEndingLocationDraggable="false" />
        <TextStyle id="205" font="Lucida Sans,0,11" color="0,0,0" orientation="0" isBackgroundColored="false" backgroundColor="255,255,255" />
      </ConnectorGraphicalRepresentation>
      <ArtifactFromShapeGraphicalRepresentation id="206" className="org.openflexo.vpm.view.widget.EditionPatternConnectorFromArtefactGR" x="80.0" y="80.0" width="20.0" height="20.0" minimalWidth="0.0" minimalHeight="0.0" maximalWidth="Infinity" maximalHeight="Infinity" relativeTextX="0.5" relativeTextY="0.5" lineWrap="true" locationConstraints="FREELY_MOVABLE" dimensionConstraints="CONSTRAINED_DIMENSIONS" adjustMinimalWidthToLabelWidth="true" adjustMinimalHeightToLabelHeight="true" adjustMaximalWidthToLabelWidth="false" adjustMaximalHeightToLabelHeight="false" hasSelectedForeground="false" hasSelectedBackground="false" hasFocusedForeground="false" hasFocusedBackground="false" isFloatingLabel="true" allowToLeaveBounds="true" identifier="object_0" layer="1" hasText="true" isMultilineAllowed="true" continuousTextEditing="true" absoluteTextX="0.0" absoluteTextY="0.0" paragraphAlignment="CENTER" horizontalTextAlignment="CENTER" verticalTextAlignment="MIDDLE" isSelectable="false" isFocusable="true" drawControlPointsWhenFocused="true" drawControlPointsWhenSelected="true" isReadOnly="false" isLabelEditable="true" isVisible="true">
        <ForegroundStyle id="207" noStroke="false" color="255,204,0" lineWidth="1.0" joinStyle="JOIN_MITER" capStyle="CAP_SQUARE" dashStyle="PLAIN_STROKE" useTransparency="false" transparencyLevel="0.5" />
        <ColorBackgroundStyle id="208" color="255,255,204" useTransparency="false" transparencyLevel="0.5" />
        <SelectedForegroundStyle id="209" noStroke="false" color="255,204,0" lineWidth="1.0" joinStyle="JOIN_MITER" capStyle="CAP_SQUARE" dashStyle="PLAIN_STROKE" useTransparency="false" transparencyLevel="0.5" />
        <SelectedColorBackgroundStyle id="210" color="255,255,204" useTransparency="false" transparencyLevel="0.5" />
        <FocusedForegroundStyle id="211" noStroke="false" color="255,204,0" lineWidth="1.0" joinStyle="JOIN_MITER" capStyle="CAP_SQUARE" dashStyle="PLAIN_STROKE" useTransparency="false" transparencyLevel="0.5" />
        <FocusedColorBackgroundStyle id="212" color="255,255,204" useTransparency="false" transparencyLevel="0.5" />
        <Border id="213" top="20" bottom="20" left="20" right="20" />
        <CircleShape idref="20" />
        <ShadowStyle id="214" drawShadow="true" shadowDarkness="150" shadowDepth="2" shadowBlur="4" />
        <TextStyle id="215" font="Lucida Sans,0,11" color="0,0,0" orientation="0" isBackgroundColored="false" backgroundColor="255,255,255" />
      </ArtifactFromShapeGraphicalRepresentation>
      <ArtifactToShapeGraphicalRepresentation id="216" className="org.openflexo.vpm.view.widget.EditionPatternConnectorToArtefactGR" x="350.0" y="80.0" width="20.0" height="20.0" minimalWidth="0.0" minimalHeight="0.0" maximalWidth="Infinity" maximalHeight="Infinity" relativeTextX="0.5" relativeTextY="0.5" lineWrap="true" locationConstraints="FREELY_MOVABLE" dimensionConstraints="CONSTRAINED_DIMENSIONS" adjustMinimalWidthToLabelWidth="true" adjustMinimalHeightToLabelHeight="true" adjustMaximalWidthToLabelWidth="false" adjustMaximalHeightToLabelHeight="false" hasSelectedForeground="false" hasSelectedBackground="false" hasFocusedForeground="false" hasFocusedBackground="false" isFloatingLabel="true" allowToLeaveBounds="true" identifier="object_1" layer="1" hasText="true" isMultilineAllowed="true" continuousTextEditing="true" absoluteTextX="0.0" absoluteTextY="0.0" paragraphAlignment="CENTER" horizontalTextAlignment="CENTER" verticalTextAlignment="MIDDLE" isSelectable="false" isFocusable="true" drawControlPointsWhenFocused="true" drawControlPointsWhenSelected="true" isReadOnly="false" isLabelEditable="true" isVisible="true">
        <ForegroundStyle id="217" noStroke="false" color="255,204,0" lineWidth="1.0" joinStyle="JOIN_MITER" capStyle="CAP_SQUARE" dashStyle="PLAIN_STROKE" useTransparency="false" transparencyLevel="0.5" />
        <ColorBackgroundStyle id="218" color="255,255,204" useTransparency="false" transparencyLevel="0.5" />
        <SelectedForegroundStyle id="219" noStroke="false" color="255,204,0" lineWidth="1.0" joinStyle="JOIN_MITER" capStyle="CAP_SQUARE" dashStyle="PLAIN_STROKE" useTransparency="false" transparencyLevel="0.5" />
        <SelectedColorBackgroundStyle id="220" color="255,255,204" useTransparency="false" transparencyLevel="0.5" />
        <FocusedForegroundStyle id="221" noStroke="false" color="255,204,0" lineWidth="1.0" joinStyle="JOIN_MITER" capStyle="CAP_SQUARE" dashStyle="PLAIN_STROKE" useTransparency="false" transparencyLevel="0.5" />
        <FocusedColorBackgroundStyle id="222" color="255,255,204" useTransparency="false" transparencyLevel="0.5" />
        <Border id="223" top="20" bottom="20" left="20" right="20" />
        <CircleShape idref="20" />
        <ShadowStyle id="224" drawShadow="true" shadowDarkness="150" shadowDepth="2" shadowBlur="4" />
        <TextStyle id="225" font="Lucida Sans,0,11" color="0,0,0" orientation="0" isBackgroundColored="false" backgroundColor="255,255,255" />
      </ArtifactToShapeGraphicalRepresentation>
      <AddressedDiagramModelSlot idref="33" />
      <GRSpec id="226" featureName="label" value="usedby.usedby.name" readOnly="false" />
    </ContainedConnectorPatternRole>
    <PrimaryRepresentationConnectorPatternRole idref="199" />
    <Inspector id="227" inspectorTitle="UsedByGR" />
  </EditionPattern>
  <EditionPattern id="228" name="AccessGR">
    <DeletionScheme id="229" name="deletion" label="deletion" skipConfirmationPanel="false" definePopupDefaultSize="false" width="800" height="600">
      <DeleteAction id="230" object="connector" />
    </DeletionScheme>
    <ContainedConnectorPatternRole id="231" patternRole="connector" name="connector" exampleLabel="label">
      <ConnectorGraphicalRepresentation id="232" className="org.openflexo.vpm.view.widget.EditionPatternPreviewConnectorGR" hasSelectedForeground="false" hasFocusedForeground="false" startSymbol="NONE" endSymbol="ARROW" middleSymbol="NONE" startSymbolSize="10.0" endSymbolSize="15.0" middleSymbolSize="10.0" relativeMiddleSymbolLocation="0.5" applyForegroundToSymbols="true" identifier="object_2" layer="64" hasText="true" isMultilineAllowed="true" continuousTextEditing="true" absoluteTextX="0.0" absoluteTextY="0.0" paragraphAlignment="CENTER" horizontalTextAlignment="CENTER" verticalTextAlignment="MIDDLE" isSelectable="true" isFocusable="true" drawControlPointsWhenFocused="true" drawControlPointsWhenSelected="true" isReadOnly="false" isLabelEditable="true" isVisible="true">
        <ForegroundStyle id="233" noStroke="false" color="0,0,0" lineWidth="1.499999998509884" joinStyle="JOIN_MITER" capStyle="CAP_SQUARE" dashStyle="DOTS_DASHES" useTransparency="false" transparencyLevel="0.5" />
        <SelectedForegroundStyle id="234" noStroke="false" color="0,0,0" lineWidth="1.0" joinStyle="JOIN_MITER" capStyle="CAP_SQUARE" dashStyle="PLAIN_STROKE" useTransparency="false" transparencyLevel="0.5" />
        <FocusedForegroundStyle id="235" noStroke="false" color="0,0,0" lineWidth="1.0" joinStyle="JOIN_MITER" capStyle="CAP_SQUARE" dashStyle="PLAIN_STROKE" useTransparency="false" transparencyLevel="0.5" />
        <LineConnector id="236" lineConnectorType="MINIMAL_LENGTH" />
        <TextStyle id="237" font="Lucida Sans,0,11" color="0,0,0" orientation="0" isBackgroundColored="false" backgroundColor="255,255,255" />
      </ConnectorGraphicalRepresentation>
      <ArtifactFromShapeGraphicalRepresentation id="238" className="org.openflexo.vpm.view.widget.EditionPatternConnectorFromArtefactGR" x="80.0" y="80.0" width="20.0" height="20.0" minimalWidth="0.0" minimalHeight="0.0" maximalWidth="Infinity" maximalHeight="Infinity" relativeTextX="0.5" relativeTextY="0.5" lineWrap="true" locationConstraints="FREELY_MOVABLE" dimensionConstraints="CONSTRAINED_DIMENSIONS" adjustMinimalWidthToLabelWidth="true" adjustMinimalHeightToLabelHeight="true" adjustMaximalWidthToLabelWidth="false" adjustMaximalHeightToLabelHeight="false" hasSelectedForeground="false" hasSelectedBackground="false" hasFocusedForeground="false" hasFocusedBackground="false" isFloatingLabel="true" allowToLeaveBounds="true" identifier="object_0" layer="1" hasText="true" isMultilineAllowed="true" continuousTextEditing="true" absoluteTextX="0.0" absoluteTextY="0.0" paragraphAlignment="CENTER" horizontalTextAlignment="CENTER" verticalTextAlignment="MIDDLE" isSelectable="false" isFocusable="true" drawControlPointsWhenFocused="true" drawControlPointsWhenSelected="true" isReadOnly="false" isLabelEditable="true" isVisible="true">
        <ForegroundStyle id="239" noStroke="false" color="255,204,0" lineWidth="1.0" joinStyle="JOIN_MITER" capStyle="CAP_SQUARE" dashStyle="PLAIN_STROKE" useTransparency="false" transparencyLevel="0.5" />
        <ColorBackgroundStyle id="240" color="255,255,204" useTransparency="false" transparencyLevel="0.5" />
        <SelectedForegroundStyle id="241" noStroke="false" color="255,204,0" lineWidth="1.0" joinStyle="JOIN_MITER" capStyle="CAP_SQUARE" dashStyle="PLAIN_STROKE" useTransparency="false" transparencyLevel="0.5" />
        <SelectedColorBackgroundStyle id="242" color="255,255,204" useTransparency="false" transparencyLevel="0.5" />
        <FocusedForegroundStyle id="243" noStroke="false" color="255,204,0" lineWidth="1.0" joinStyle="JOIN_MITER" capStyle="CAP_SQUARE" dashStyle="PLAIN_STROKE" useTransparency="false" transparencyLevel="0.5" />
        <FocusedColorBackgroundStyle id="244" color="255,255,204" useTransparency="false" transparencyLevel="0.5" />
        <Border id="245" top="20" bottom="20" left="20" right="20" />
        <CircleShape idref="20" />
        <ShadowStyle id="246" drawShadow="true" shadowDarkness="150" shadowDepth="2" shadowBlur="4" />
        <TextStyle id="247" font="Lucida Sans,0,11" color="0,0,0" orientation="0" isBackgroundColored="false" backgroundColor="255,255,255" />
      </ArtifactFromShapeGraphicalRepresentation>
      <ArtifactToShapeGraphicalRepresentation id="248" className="org.openflexo.vpm.view.widget.EditionPatternConnectorToArtefactGR" x="350.0" y="80.0" width="20.0" height="20.0" minimalWidth="0.0" minimalHeight="0.0" maximalWidth="Infinity" maximalHeight="Infinity" relativeTextX="0.5" relativeTextY="0.5" lineWrap="true" locationConstraints="FREELY_MOVABLE" dimensionConstraints="CONSTRAINED_DIMENSIONS" adjustMinimalWidthToLabelWidth="true" adjustMinimalHeightToLabelHeight="true" adjustMaximalWidthToLabelWidth="false" adjustMaximalHeightToLabelHeight="false" hasSelectedForeground="false" hasSelectedBackground="false" hasFocusedForeground="false" hasFocusedBackground="false" isFloatingLabel="true" allowToLeaveBounds="true" identifier="object_1" layer="1" hasText="true" isMultilineAllowed="true" continuousTextEditing="true" absoluteTextX="0.0" absoluteTextY="0.0" paragraphAlignment="CENTER" horizontalTextAlignment="CENTER" verticalTextAlignment="MIDDLE" isSelectable="false" isFocusable="true" drawControlPointsWhenFocused="true" drawControlPointsWhenSelected="true" isReadOnly="false" isLabelEditable="true" isVisible="true">
        <ForegroundStyle id="249" noStroke="false" color="255,204,0" lineWidth="1.0" joinStyle="JOIN_MITER" capStyle="CAP_SQUARE" dashStyle="PLAIN_STROKE" useTransparency="false" transparencyLevel="0.5" />
        <ColorBackgroundStyle id="250" color="255,255,204" useTransparency="false" transparencyLevel="0.5" />
        <SelectedForegroundStyle id="251" noStroke="false" color="255,204,0" lineWidth="1.0" joinStyle="JOIN_MITER" capStyle="CAP_SQUARE" dashStyle="PLAIN_STROKE" useTransparency="false" transparencyLevel="0.5" />
        <SelectedColorBackgroundStyle id="252" color="255,255,204" useTransparency="false" transparencyLevel="0.5" />
        <FocusedForegroundStyle id="253" noStroke="false" color="255,204,0" lineWidth="1.0" joinStyle="JOIN_MITER" capStyle="CAP_SQUARE" dashStyle="PLAIN_STROKE" useTransparency="false" transparencyLevel="0.5" />
        <FocusedColorBackgroundStyle id="254" color="255,255,204" useTransparency="false" transparencyLevel="0.5" />
        <Border id="255" top="20" bottom="20" left="20" right="20" />
        <CircleShape idref="20" />
        <ShadowStyle id="256" drawShadow="true" shadowDarkness="150" shadowDepth="2" shadowBlur="4" />
        <TextStyle id="257" font="Lucida Sans,0,11" color="0,0,0" orientation="0" isBackgroundColored="false" backgroundColor="255,255,255" />
      </ArtifactToShapeGraphicalRepresentation>
      <AddressedDiagramModelSlot idref="33" />
      <GRSpec id="258" featureName="label" value="access.access.name" readOnly="false" />
    </ContainedConnectorPatternRole>
    <PrimaryRepresentationConnectorPatternRole idref="231" />
    <Inspector id="259" inspectorTitle="AccessGR" />
  </EditionPattern>
  <EditionPattern id="260" name="RealizationGR">
    <DeletionScheme id="261" name="deletion" label="deletion" skipConfirmationPanel="false" definePopupDefaultSize="false" width="800" height="600">
      <DeleteAction id="262" object="connector" />
    </DeletionScheme>
    <ContainedConnectorPatternRole id="263" patternRole="connector" name="connector" exampleLabel="label">
      <ConnectorGraphicalRepresentation id="264" className="org.openflexo.vpm.view.widget.EditionPatternPreviewConnectorGR" hasSelectedForeground="false" hasFocusedForeground="false" startSymbol="NONE" endSymbol="PLAIN_ARROW" middleSymbol="NONE" startSymbolSize="10.0" endSymbolSize="25.0" middleSymbolSize="10.0" relativeMiddleSymbolLocation="0.5" applyForegroundToSymbols="true" identifier="object_2" layer="64" hasText="true" isMultilineAllowed="true" continuousTextEditing="true" absoluteTextX="0.0" absoluteTextY="0.0" paragraphAlignment="CENTER" horizontalTextAlignment="CENTER" verticalTextAlignment="MIDDLE" isSelectable="true" isFocusable="true" drawControlPointsWhenFocused="true" drawControlPointsWhenSelected="true" isReadOnly="false" isLabelEditable="true" isVisible="true">
        <ForegroundStyle id="265" noStroke="false" color="0,0,0" lineWidth="1.500000001490116" joinStyle="JOIN_MITER" capStyle="CAP_SQUARE" dashStyle="MEDIUM_DASHES" useTransparency="false" transparencyLevel="0.5" />
        <SelectedForegroundStyle id="266" noStroke="false" color="0,0,0" lineWidth="1.0" joinStyle="JOIN_MITER" capStyle="CAP_SQUARE" dashStyle="PLAIN_STROKE" useTransparency="false" transparencyLevel="0.5" />
        <FocusedForegroundStyle id="267" noStroke="false" color="0,0,0" lineWidth="1.0" joinStyle="JOIN_MITER" capStyle="CAP_SQUARE" dashStyle="PLAIN_STROKE" useTransparency="false" transparencyLevel="0.5" />
        <LineConnector id="268" lineConnectorType="MINIMAL_LENGTH" />
        <TextStyle id="269" font="Lucida Sans,0,11" color="0,0,0" orientation="0" isBackgroundColored="false" backgroundColor="255,255,255" />
      </ConnectorGraphicalRepresentation>
      <ArtifactFromShapeGraphicalRepresentation id="270" className="org.openflexo.vpm.view.widget.EditionPatternConnectorFromArtefactGR" x="80.0" y="80.0" width="20.0" height="20.0" minimalWidth="0.0" minimalHeight="0.0" maximalWidth="Infinity" maximalHeight="Infinity" relativeTextX="0.5" relativeTextY="0.5" lineWrap="true" locationConstraints="FREELY_MOVABLE" dimensionConstraints="CONSTRAINED_DIMENSIONS" adjustMinimalWidthToLabelWidth="true" adjustMinimalHeightToLabelHeight="true" adjustMaximalWidthToLabelWidth="false" adjustMaximalHeightToLabelHeight="false" hasSelectedForeground="false" hasSelectedBackground="false" hasFocusedForeground="false" hasFocusedBackground="false" isFloatingLabel="true" allowToLeaveBounds="true" identifier="object_0" layer="1" hasText="true" isMultilineAllowed="true" continuousTextEditing="true" absoluteTextX="0.0" absoluteTextY="0.0" paragraphAlignment="CENTER" horizontalTextAlignment="CENTER" verticalTextAlignment="MIDDLE" isSelectable="false" isFocusable="true" drawControlPointsWhenFocused="true" drawControlPointsWhenSelected="true" isReadOnly="false" isLabelEditable="true" isVisible="true">
        <ForegroundStyle id="271" noStroke="false" color="255,204,0" lineWidth="1.0" joinStyle="JOIN_MITER" capStyle="CAP_SQUARE" dashStyle="PLAIN_STROKE" useTransparency="false" transparencyLevel="0.5" />
        <ColorBackgroundStyle id="272" color="255,255,204" useTransparency="false" transparencyLevel="0.5" />
        <SelectedForegroundStyle id="273" noStroke="false" color="255,204,0" lineWidth="1.0" joinStyle="JOIN_MITER" capStyle="CAP_SQUARE" dashStyle="PLAIN_STROKE" useTransparency="false" transparencyLevel="0.5" />
        <SelectedColorBackgroundStyle id="274" color="255,255,204" useTransparency="false" transparencyLevel="0.5" />
        <FocusedForegroundStyle id="275" noStroke="false" color="255,204,0" lineWidth="1.0" joinStyle="JOIN_MITER" capStyle="CAP_SQUARE" dashStyle="PLAIN_STROKE" useTransparency="false" transparencyLevel="0.5" />
        <FocusedColorBackgroundStyle id="276" color="255,255,204" useTransparency="false" transparencyLevel="0.5" />
        <Border id="277" top="20" bottom="20" left="20" right="20" />
        <CircleShape idref="20" />
        <ShadowStyle id="278" drawShadow="true" shadowDarkness="150" shadowDepth="2" shadowBlur="4" />
        <TextStyle id="279" font="Lucida Sans,0,11" color="0,0,0" orientation="0" isBackgroundColored="false" backgroundColor="255,255,255" />
      </ArtifactFromShapeGraphicalRepresentation>
      <ArtifactToShapeGraphicalRepresentation id="280" className="org.openflexo.vpm.view.widget.EditionPatternConnectorToArtefactGR" x="350.0" y="80.0" width="20.0" height="20.0" minimalWidth="0.0" minimalHeight="0.0" maximalWidth="Infinity" maximalHeight="Infinity" relativeTextX="0.5" relativeTextY="0.5" lineWrap="true" locationConstraints="FREELY_MOVABLE" dimensionConstraints="CONSTRAINED_DIMENSIONS" adjustMinimalWidthToLabelWidth="true" adjustMinimalHeightToLabelHeight="true" adjustMaximalWidthToLabelWidth="false" adjustMaximalHeightToLabelHeight="false" hasSelectedForeground="false" hasSelectedBackground="false" hasFocusedForeground="false" hasFocusedBackground="false" isFloatingLabel="true" allowToLeaveBounds="true" identifier="object_1" layer="1" hasText="true" isMultilineAllowed="true" continuousTextEditing="true" absoluteTextX="0.0" absoluteTextY="0.0" paragraphAlignment="CENTER" horizontalTextAlignment="CENTER" verticalTextAlignment="MIDDLE" isSelectable="false" isFocusable="true" drawControlPointsWhenFocused="true" drawControlPointsWhenSelected="true" isReadOnly="false" isLabelEditable="true" isVisible="true">
        <ForegroundStyle id="281" noStroke="false" color="255,204,0" lineWidth="1.0" joinStyle="JOIN_MITER" capStyle="CAP_SQUARE" dashStyle="PLAIN_STROKE" useTransparency="false" transparencyLevel="0.5" />
        <ColorBackgroundStyle id="282" color="255,255,204" useTransparency="false" transparencyLevel="0.5" />
        <SelectedForegroundStyle id="283" noStroke="false" color="255,204,0" lineWidth="1.0" joinStyle="JOIN_MITER" capStyle="CAP_SQUARE" dashStyle="PLAIN_STROKE" useTransparency="false" transparencyLevel="0.5" />
        <SelectedColorBackgroundStyle id="284" color="255,255,204" useTransparency="false" transparencyLevel="0.5" />
        <FocusedForegroundStyle id="285" noStroke="false" color="255,204,0" lineWidth="1.0" joinStyle="JOIN_MITER" capStyle="CAP_SQUARE" dashStyle="PLAIN_STROKE" useTransparency="false" transparencyLevel="0.5" />
        <FocusedColorBackgroundStyle id="286" color="255,255,204" useTransparency="false" transparencyLevel="0.5" />
        <Border id="287" top="20" bottom="20" left="20" right="20" />
        <CircleShape idref="20" />
        <ShadowStyle id="288" drawShadow="true" shadowDarkness="150" shadowDepth="2" shadowBlur="4" />
        <TextStyle id="289" font="Lucida Sans,0,11" color="0,0,0" orientation="0" isBackgroundColored="false" backgroundColor="255,255,255" />
      </ArtifactToShapeGraphicalRepresentation>
      <AddressedDiagramModelSlot idref="33" />
      <GRSpec id="290" featureName="label" value="realization.realization.name" readOnly="false" />
    </ContainedConnectorPatternRole>
    <PrimaryRepresentationConnectorPatternRole idref="263" />
    <Inspector id="291" inspectorTitle="RealizationGR" />
  </EditionPattern>
  <EditionPattern id="292" name="AssignmentGR">
    <DeletionScheme id="293" name="deleteFromView" label="deleteFromView" skipConfirmationPanel="false" definePopupDefaultSize="false" width="800" height="600">
      <DeleteAction id="294" object="connector" />
    </DeletionScheme>
    <ContainedConnectorPatternRole id="295" patternRole="connector" name="connector" exampleLabel="label">
      <ConnectorGraphicalRepresentation id="296" className="org.openflexo.vpm.view.widget.EditionPatternPreviewConnectorGR" hasSelectedForeground="false" hasFocusedForeground="false" startSymbol="FILLED_CIRCLE" endSymbol="FILLED_CIRCLE" middleSymbol="NONE" startSymbolSize="10.0" endSymbolSize="10.0" middleSymbolSize="10.0" relativeMiddleSymbolLocation="0.5" applyForegroundToSymbols="true" identifier="object_2" layer="64" hasText="true" isMultilineAllowed="true" continuousTextEditing="true" absoluteTextX="0.0" absoluteTextY="0.0" paragraphAlignment="CENTER" horizontalTextAlignment="CENTER" verticalTextAlignment="MIDDLE" isSelectable="true" isFocusable="true" drawControlPointsWhenFocused="true" drawControlPointsWhenSelected="true" isReadOnly="false" isLabelEditable="true" isVisible="true">
        <ForegroundStyle id="297" noStroke="false" color="0,0,0" lineWidth="1.500000001490116" joinStyle="JOIN_MITER" capStyle="CAP_SQUARE" dashStyle="PLAIN_STROKE" useTransparency="false" transparencyLevel="0.5" />
        <SelectedForegroundStyle id="298" noStroke="false" color="0,0,0" lineWidth="1.0" joinStyle="JOIN_MITER" capStyle="CAP_SQUARE" dashStyle="PLAIN_STROKE" useTransparency="false" transparencyLevel="0.5" />
        <FocusedForegroundStyle id="299" noStroke="false" color="0,0,0" lineWidth="1.0" joinStyle="JOIN_MITER" capStyle="CAP_SQUARE" dashStyle="PLAIN_STROKE" useTransparency="false" transparencyLevel="0.5" />
        <RectPolylinConnector id="300" rectPolylinConstraints="NONE" straightLineWhenPossible="true" adjustability="AUTO_LAYOUT" startOrientation="EAST" endOrientation="WEST" isRounded="false" arcSize="5" isStartingLocationFixed="false" isEndingLocationFixed="false" isStartingLocationDraggable="false" isEndingLocationDraggable="false" />
        <TextStyle id="301" font="Lucida Sans,0,11" color="0,0,0" orientation="0" isBackgroundColored="false" backgroundColor="255,255,255" />
      </ConnectorGraphicalRepresentation>
      <ArtifactFromShapeGraphicalRepresentation id="302" className="org.openflexo.vpm.view.widget.EditionPatternConnectorFromArtefactGR" x="80.0" y="80.0" width="20.0" height="20.0" minimalWidth="0.0" minimalHeight="0.0" maximalWidth="Infinity" maximalHeight="Infinity" relativeTextX="0.5" relativeTextY="0.5" lineWrap="true" locationConstraints="FREELY_MOVABLE" dimensionConstraints="CONSTRAINED_DIMENSIONS" adjustMinimalWidthToLabelWidth="true" adjustMinimalHeightToLabelHeight="true" adjustMaximalWidthToLabelWidth="false" adjustMaximalHeightToLabelHeight="false" hasSelectedForeground="false" hasSelectedBackground="false" hasFocusedForeground="false" hasFocusedBackground="false" isFloatingLabel="true" allowToLeaveBounds="true" identifier="object_0" layer="1" hasText="true" isMultilineAllowed="true" continuousTextEditing="true" absoluteTextX="0.0" absoluteTextY="0.0" paragraphAlignment="CENTER" horizontalTextAlignment="CENTER" verticalTextAlignment="MIDDLE" isSelectable="false" isFocusable="true" drawControlPointsWhenFocused="true" drawControlPointsWhenSelected="true" isReadOnly="false" isLabelEditable="true" isVisible="true">
        <ForegroundStyle id="303" noStroke="false" color="255,204,0" lineWidth="1.0" joinStyle="JOIN_MITER" capStyle="CAP_SQUARE" dashStyle="PLAIN_STROKE" useTransparency="false" transparencyLevel="0.5" />
        <ColorBackgroundStyle id="304" color="255,255,204" useTransparency="false" transparencyLevel="0.5" />
        <SelectedForegroundStyle id="305" noStroke="false" color="255,204,0" lineWidth="1.0" joinStyle="JOIN_MITER" capStyle="CAP_SQUARE" dashStyle="PLAIN_STROKE" useTransparency="false" transparencyLevel="0.5" />
        <SelectedColorBackgroundStyle id="306" color="255,255,204" useTransparency="false" transparencyLevel="0.5" />
        <FocusedForegroundStyle id="307" noStroke="false" color="255,204,0" lineWidth="1.0" joinStyle="JOIN_MITER" capStyle="CAP_SQUARE" dashStyle="PLAIN_STROKE" useTransparency="false" transparencyLevel="0.5" />
        <FocusedColorBackgroundStyle id="308" color="255,255,204" useTransparency="false" transparencyLevel="0.5" />
        <Border id="309" top="20" bottom="20" left="20" right="20" />
        <CircleShape idref="20" />
        <ShadowStyle id="310" drawShadow="true" shadowDarkness="150" shadowDepth="2" shadowBlur="4" />
        <TextStyle id="311" font="Lucida Sans,0,11" color="0,0,0" orientation="0" isBackgroundColored="false" backgroundColor="255,255,255" />
      </ArtifactFromShapeGraphicalRepresentation>
      <ArtifactToShapeGraphicalRepresentation id="312" className="org.openflexo.vpm.view.widget.EditionPatternConnectorToArtefactGR" x="350.0" y="80.0" width="20.0" height="20.0" minimalWidth="0.0" minimalHeight="0.0" maximalWidth="Infinity" maximalHeight="Infinity" relativeTextX="0.5" relativeTextY="0.5" lineWrap="true" locationConstraints="FREELY_MOVABLE" dimensionConstraints="CONSTRAINED_DIMENSIONS" adjustMinimalWidthToLabelWidth="true" adjustMinimalHeightToLabelHeight="true" adjustMaximalWidthToLabelWidth="false" adjustMaximalHeightToLabelHeight="false" hasSelectedForeground="false" hasSelectedBackground="false" hasFocusedForeground="false" hasFocusedBackground="false" isFloatingLabel="true" allowToLeaveBounds="true" identifier="object_1" layer="1" hasText="true" isMultilineAllowed="true" continuousTextEditing="true" absoluteTextX="0.0" absoluteTextY="0.0" paragraphAlignment="CENTER" horizontalTextAlignment="CENTER" verticalTextAlignment="MIDDLE" isSelectable="false" isFocusable="true" drawControlPointsWhenFocused="true" drawControlPointsWhenSelected="true" isReadOnly="false" isLabelEditable="true" isVisible="true">
        <ForegroundStyle id="313" noStroke="false" color="255,204,0" lineWidth="1.0" joinStyle="JOIN_MITER" capStyle="CAP_SQUARE" dashStyle="PLAIN_STROKE" useTransparency="false" transparencyLevel="0.5" />
        <ColorBackgroundStyle id="314" color="255,255,204" useTransparency="false" transparencyLevel="0.5" />
        <SelectedForegroundStyle id="315" noStroke="false" color="255,204,0" lineWidth="1.0" joinStyle="JOIN_MITER" capStyle="CAP_SQUARE" dashStyle="PLAIN_STROKE" useTransparency="false" transparencyLevel="0.5" />
        <SelectedColorBackgroundStyle id="316" color="255,255,204" useTransparency="false" transparencyLevel="0.5" />
        <FocusedForegroundStyle id="317" noStroke="false" color="255,204,0" lineWidth="1.0" joinStyle="JOIN_MITER" capStyle="CAP_SQUARE" dashStyle="PLAIN_STROKE" useTransparency="false" transparencyLevel="0.5" />
        <FocusedColorBackgroundStyle id="318" color="255,255,204" useTransparency="false" transparencyLevel="0.5" />
        <Border id="319" top="20" bottom="20" left="20" right="20" />
        <CircleShape idref="20" />
        <ShadowStyle id="320" drawShadow="true" shadowDarkness="150" shadowDepth="2" shadowBlur="4" />
        <TextStyle id="321" font="Lucida Sans,0,11" color="0,0,0" orientation="0" isBackgroundColored="false" backgroundColor="255,255,255" />
      </ArtifactToShapeGraphicalRepresentation>
      <AddressedDiagramModelSlot idref="33" />
      <GRSpec id="322" featureName="label" value="assignment.assignment.name" readOnly="false" />
    </ContainedConnectorPatternRole>
    <PrimaryRepresentationConnectorPatternRole idref="295" />
    <Inspector id="323" inspectorTitle="AssignmentGR" />
  </EditionPattern>
  <EditionPattern id="324" name="InfluenceGR">
    <DeletionScheme id="325" name="deleteFromView" label="deleteFromView" skipConfirmationPanel="false" definePopupDefaultSize="false" width="800" height="600">
      <DeleteAction id="326" object="connector" />
    </DeletionScheme>
    <ContainedConnectorPatternRole id="327" patternRole="connector" name="connector" exampleLabel="label">
      <ConnectorGraphicalRepresentation id="328" className="org.openflexo.vpm.view.widget.EditionPatternPreviewConnectorGR" hasSelectedForeground="false" hasFocusedForeground="false" startSymbol="NONE" endSymbol="FILLED_ARROW" middleSymbol="NONE" startSymbolSize="10.0" endSymbolSize="20.0" middleSymbolSize="10.0" relativeMiddleSymbolLocation="0.5" applyForegroundToSymbols="true" identifier="object_2" layer="64" hasText="true" isMultilineAllowed="true" continuousTextEditing="true" absoluteTextX="0.0" absoluteTextY="0.0" paragraphAlignment="CENTER" horizontalTextAlignment="CENTER" verticalTextAlignment="MIDDLE" isSelectable="true" isFocusable="true" drawControlPointsWhenFocused="true" drawControlPointsWhenSelected="true" isReadOnly="false" isLabelEditable="true" isVisible="true">
        <ForegroundStyle id="329" noStroke="false" color="0,0,0" lineWidth="1.500000001490116" joinStyle="JOIN_MITER" capStyle="CAP_SQUARE" dashStyle="MEDIUM_SPACED_DASHES" useTransparency="false" transparencyLevel="0.5" />
        <SelectedForegroundStyle id="330" noStroke="false" color="0,0,0" lineWidth="1.0" joinStyle="JOIN_MITER" capStyle="CAP_SQUARE" dashStyle="PLAIN_STROKE" useTransparency="false" transparencyLevel="0.5" />
        <FocusedForegroundStyle id="331" noStroke="false" color="0,0,0" lineWidth="1.0" joinStyle="JOIN_MITER" capStyle="CAP_SQUARE" dashStyle="PLAIN_STROKE" useTransparency="false" transparencyLevel="0.5" />
        <RectPolylinConnector id="332" rectPolylinConstraints="NONE" straightLineWhenPossible="true" adjustability="AUTO_LAYOUT" startOrientation="EAST" endOrientation="WEST" isRounded="false" arcSize="5" isStartingLocationFixed="false" isEndingLocationFixed="false" isStartingLocationDraggable="false" isEndingLocationDraggable="false" />
        <TextStyle id="333" font="Lucida Sans,0,11" color="0,0,0" orientation="0" isBackgroundColored="false" backgroundColor="255,255,255" />
      </ConnectorGraphicalRepresentation>
      <ArtifactFromShapeGraphicalRepresentation id="334" className="org.openflexo.vpm.view.widget.EditionPatternConnectorFromArtefactGR" x="80.0" y="80.0" width="20.0" height="20.0" minimalWidth="0.0" minimalHeight="0.0" maximalWidth="Infinity" maximalHeight="Infinity" relativeTextX="0.5" relativeTextY="0.5" lineWrap="true" locationConstraints="FREELY_MOVABLE" dimensionConstraints="CONSTRAINED_DIMENSIONS" adjustMinimalWidthToLabelWidth="true" adjustMinimalHeightToLabelHeight="true" adjustMaximalWidthToLabelWidth="false" adjustMaximalHeightToLabelHeight="false" hasSelectedForeground="false" hasSelectedBackground="false" hasFocusedForeground="false" hasFocusedBackground="false" isFloatingLabel="true" allowToLeaveBounds="true" identifier="object_0" layer="1" hasText="true" isMultilineAllowed="true" continuousTextEditing="true" absoluteTextX="0.0" absoluteTextY="0.0" paragraphAlignment="CENTER" horizontalTextAlignment="CENTER" verticalTextAlignment="MIDDLE" isSelectable="false" isFocusable="true" drawControlPointsWhenFocused="true" drawControlPointsWhenSelected="true" isReadOnly="false" isLabelEditable="true" isVisible="true">
        <ForegroundStyle id="335" noStroke="false" color="255,204,0" lineWidth="1.0" joinStyle="JOIN_MITER" capStyle="CAP_SQUARE" dashStyle="PLAIN_STROKE" useTransparency="false" transparencyLevel="0.5" />
        <ColorBackgroundStyle id="336" color="255,255,204" useTransparency="false" transparencyLevel="0.5" />
        <SelectedForegroundStyle id="337" noStroke="false" color="255,204,0" lineWidth="1.0" joinStyle="JOIN_MITER" capStyle="CAP_SQUARE" dashStyle="PLAIN_STROKE" useTransparency="false" transparencyLevel="0.5" />
        <SelectedColorBackgroundStyle id="338" color="255,255,204" useTransparency="false" transparencyLevel="0.5" />
        <FocusedForegroundStyle id="339" noStroke="false" color="255,204,0" lineWidth="1.0" joinStyle="JOIN_MITER" capStyle="CAP_SQUARE" dashStyle="PLAIN_STROKE" useTransparency="false" transparencyLevel="0.5" />
        <FocusedColorBackgroundStyle id="340" color="255,255,204" useTransparency="false" transparencyLevel="0.5" />
        <Border id="341" top="20" bottom="20" left="20" right="20" />
        <CircleShape idref="20" />
        <ShadowStyle id="342" drawShadow="true" shadowDarkness="150" shadowDepth="2" shadowBlur="4" />
        <TextStyle id="343" font="Lucida Sans,0,11" color="0,0,0" orientation="0" isBackgroundColored="false" backgroundColor="255,255,255" />
      </ArtifactFromShapeGraphicalRepresentation>
      <ArtifactToShapeGraphicalRepresentation id="344" className="org.openflexo.vpm.view.widget.EditionPatternConnectorToArtefactGR" x="350.0" y="80.0" width="20.0" height="20.0" minimalWidth="0.0" minimalHeight="0.0" maximalWidth="Infinity" maximalHeight="Infinity" relativeTextX="0.5" relativeTextY="0.5" lineWrap="true" locationConstraints="FREELY_MOVABLE" dimensionConstraints="CONSTRAINED_DIMENSIONS" adjustMinimalWidthToLabelWidth="true" adjustMinimalHeightToLabelHeight="true" adjustMaximalWidthToLabelWidth="false" adjustMaximalHeightToLabelHeight="false" hasSelectedForeground="false" hasSelectedBackground="false" hasFocusedForeground="false" hasFocusedBackground="false" isFloatingLabel="true" allowToLeaveBounds="true" identifier="object_1" layer="1" hasText="true" isMultilineAllowed="true" continuousTextEditing="true" absoluteTextX="0.0" absoluteTextY="0.0" paragraphAlignment="CENTER" horizontalTextAlignment="CENTER" verticalTextAlignment="MIDDLE" isSelectable="false" isFocusable="true" drawControlPointsWhenFocused="true" drawControlPointsWhenSelected="true" isReadOnly="false" isLabelEditable="true" isVisible="true">
        <ForegroundStyle id="345" noStroke="false" color="255,204,0" lineWidth="1.0" joinStyle="JOIN_MITER" capStyle="CAP_SQUARE" dashStyle="PLAIN_STROKE" useTransparency="false" transparencyLevel="0.5" />
        <ColorBackgroundStyle id="346" color="255,255,204" useTransparency="false" transparencyLevel="0.5" />
        <SelectedForegroundStyle id="347" noStroke="false" color="255,204,0" lineWidth="1.0" joinStyle="JOIN_MITER" capStyle="CAP_SQUARE" dashStyle="PLAIN_STROKE" useTransparency="false" transparencyLevel="0.5" />
        <SelectedColorBackgroundStyle id="348" color="255,255,204" useTransparency="false" transparencyLevel="0.5" />
        <FocusedForegroundStyle id="349" noStroke="false" color="255,204,0" lineWidth="1.0" joinStyle="JOIN_MITER" capStyle="CAP_SQUARE" dashStyle="PLAIN_STROKE" useTransparency="false" transparencyLevel="0.5" />
        <FocusedColorBackgroundStyle id="350" color="255,255,204" useTransparency="false" transparencyLevel="0.5" />
        <Border id="351" top="20" bottom="20" left="20" right="20" />
        <CircleShape idref="20" />
        <ShadowStyle id="352" drawShadow="true" shadowDarkness="150" shadowDepth="2" shadowBlur="4" />
        <TextStyle id="353" font="Lucida Sans,0,11" color="0,0,0" orientation="0" isBackgroundColored="false" backgroundColor="255,255,255" />
      </ArtifactToShapeGraphicalRepresentation>
      <AddressedDiagramModelSlot idref="33" />
    </ContainedConnectorPatternRole>
    <PrimaryRepresentationConnectorPatternRole idref="327" />
    <Inspector id="354" inspectorTitle="InfluenceGR" />
  </EditionPattern>
  <EditionPattern id="355" name="ArchimateElementGR">
    <Inspector id="356" inspectorTitle="ArchimateElementGR" />
  </EditionPattern>
  <LocalizedDictionary id="357" />
  <DiagramModelSlot id="358" isRequired="true" isReadOnly="false" name="this" virtualModelURI="http://ArchimateVP/RequirementRealisationViewpointDiagram" />
  <VirtualModelModelSlot id="359" virtualModelURI="http://ArchimateVP/ArchimateVirtualModel" isRequired="true" isReadOnly="false" name="archimateVirtualModel" />
  <Inspector id="360" inspectorTitle="RequirementRealisationViewpointDiagram" />
</DiagramSpecification>
