<?xml version="1.0" encoding="UTF-8"?>
<DiagramSpecification id="1" name="PrincipleViewpointDiagram" modelVersion="1.0">
  <EditionPattern id="2" name="AssociationGR">
    <DeletionScheme id="3" name="deletion" label="deletion" skipConfirmationPanel="false" definePopupDefaultSize="false" width="800" height="600">
      <DeleteAction id="4" object="connector" />
    </DeletionScheme>
    <LinkScheme id="5" fromTarget="http://ArchimateVP/PrincipleViewpointDiagram#GoalGR" toTarget="http://ArchimateVP/PrincipleViewpointDiagram#GoalGR" isAvailableWithFloatingPalette="true" northDirectionSupported="true" eastDirectionSupported="true" southDirectionSupported="true" westDirectionSupported="true" name="linkFromGoalGRToGoalGR" label="AssociationGR" skipConfirmationPanel="false" definePopupDefaultSize="false" width="800" height="600">
      <TextFieldParameter id="6" name="name" label="name" usePaletteLabelAsDefaultValue="false" isRequired="false" />
      <TextAreaParameter id="7" name="documentation" label="documentation" usePaletteLabelAsDefaultValue="false" isRequired="false" />
      <AddConnector id="8" fromShape="fromTarget.shape" toShape="toTarget.shape" assignation="connector">
        <AddressedDiagramModelSlot idref="9" />
      </AddConnector>
      <AddEditionPatternInstance id="10" virtualModelInstance="diagram.archimateVirtualModel" creationSchemeURI="http://ArchimateVP/ArchimateVirtualModel#Association.creationFromGoalToGoal" assignation="association">
        <AddEditionPatternInstanceParameter id="11" paramName="source" value="fromTarget.goal" />
        <AddEditionPatternInstanceParameter id="12" paramName="target" value="toTarget.goal" />
        <AddEditionPatternInstanceParameter id="13" paramName="name" value="parameters.name" />
        <AddEditionPatternInstanceParameter id="14" paramName="documentation" value="parameters.documentation" />
      </AddEditionPatternInstance>
    </LinkScheme>
    <LinkScheme id="15" fromTarget="http://ArchimateVP/PrincipleViewpointDiagram#GoalGR" toTarget="http://ArchimateVP/PrincipleViewpointDiagram#PrincipleGR" isAvailableWithFloatingPalette="true" northDirectionSupported="true" eastDirectionSupported="true" southDirectionSupported="true" westDirectionSupported="true" name="linkFromGoalGRToPrincipleGR" label="AssociationGR" skipConfirmationPanel="false" definePopupDefaultSize="false" width="800" height="600">
      <TextFieldParameter id="16" name="name" label="name" usePaletteLabelAsDefaultValue="false" isRequired="false" />
      <TextAreaParameter id="17" name="documentation" label="documentation" usePaletteLabelAsDefaultValue="false" isRequired="false" />
      <AddConnector id="18" fromShape="fromTarget.shape" toShape="toTarget.shape" assignation="connector">
        <AddressedDiagramModelSlot idref="9" />
      </AddConnector>
      <AddEditionPatternInstance id="19" virtualModelInstance="diagram.archimateVirtualModel" creationSchemeURI="http://ArchimateVP/ArchimateVirtualModel#Association.creationFromGoalToPrinciple" assignation="association">
        <AddEditionPatternInstanceParameter id="20" paramName="source" value="fromTarget.goal" />
        <AddEditionPatternInstanceParameter id="21" paramName="target" value="toTarget.principle" />
        <AddEditionPatternInstanceParameter id="22" paramName="name" value="parameters.name" />
        <AddEditionPatternInstanceParameter id="23" paramName="documentation" value="parameters.documentation" />
      </AddEditionPatternInstance>
    </LinkScheme>
    <LinkScheme id="24" fromTarget="http://ArchimateVP/PrincipleViewpointDiagram#PrincipleGR" toTarget="http://ArchimateVP/PrincipleViewpointDiagram#GoalGR" isAvailableWithFloatingPalette="true" northDirectionSupported="true" eastDirectionSupported="true" southDirectionSupported="true" westDirectionSupported="true" name="linkFromPrincipleGRToGoalGR" label="AssociationGR" skipConfirmationPanel="false" definePopupDefaultSize="false" width="800" height="600">
      <TextFieldParameter id="25" name="name" label="name" usePaletteLabelAsDefaultValue="false" isRequired="false" />
      <TextAreaParameter id="26" name="documentation" label="documentation" usePaletteLabelAsDefaultValue="false" isRequired="false" />
      <AddConnector id="27" fromShape="fromTarget.shape" toShape="toTarget.shape" assignation="connector">
        <AddressedDiagramModelSlot idref="9" />
      </AddConnector>
      <AddEditionPatternInstance id="28" virtualModelInstance="diagram.archimateVirtualModel" creationSchemeURI="http://ArchimateVP/ArchimateVirtualModel#Association.creationFromPrincipleToGoal" assignation="association">
        <AddEditionPatternInstanceParameter id="29" paramName="source" value="fromTarget.principle" />
        <AddEditionPatternInstanceParameter id="30" paramName="target" value="toTarget.goal" />
        <AddEditionPatternInstanceParameter id="31" paramName="name" value="parameters.name" />
        <AddEditionPatternInstanceParameter id="32" paramName="documentation" value="parameters.documentation" />
      </AddEditionPatternInstance>
    </LinkScheme>
    <LinkScheme id="33" fromTarget="http://ArchimateVP/PrincipleViewpointDiagram#PrincipleGR" toTarget="http://ArchimateVP/PrincipleViewpointDiagram#PrincipleGR" isAvailableWithFloatingPalette="true" northDirectionSupported="true" eastDirectionSupported="true" southDirectionSupported="true" westDirectionSupported="true" name="linkFromPrincipleGRToPrincipleGR" label="AssociationGR" skipConfirmationPanel="false" definePopupDefaultSize="false" width="800" height="600">
      <TextFieldParameter id="34" name="name" label="name" usePaletteLabelAsDefaultValue="false" isRequired="false" />
      <TextAreaParameter id="35" name="documentation" label="documentation" usePaletteLabelAsDefaultValue="false" isRequired="false" />
      <AddConnector id="36" fromShape="fromTarget.shape" toShape="toTarget.shape" assignation="connector">
        <AddressedDiagramModelSlot idref="9" />
      </AddConnector>
      <AddEditionPatternInstance id="37" virtualModelInstance="diagram.archimateVirtualModel" creationSchemeURI="http://ArchimateVP/ArchimateVirtualModel#Association.creationFromPrincipleToPrinciple" assignation="association">
        <AddEditionPatternInstanceParameter id="38" paramName="source" value="fromTarget.principle" />
        <AddEditionPatternInstanceParameter id="39" paramName="target" value="toTarget.principle" />
        <AddEditionPatternInstanceParameter id="40" paramName="name" value="parameters.name" />
        <AddEditionPatternInstanceParameter id="41" paramName="documentation" value="parameters.documentation" />
      </AddEditionPatternInstance>
    </LinkScheme>
    <ContainedConnectorPatternRole id="42" patternRole="connector" name="connector" exampleLabel="label">
      <ConnectorGraphicalRepresentation id="43" className="org.openflexo.vpm.view.widget.EditionPatternPreviewConnectorGR" hasSelectedForeground="false" hasFocusedForeground="false" startSymbol="NONE" endSymbol="NONE" middleSymbol="NONE" startSymbolSize="10.0" endSymbolSize="10.0" middleSymbolSize="10.0" relativeMiddleSymbolLocation="0.5" applyForegroundToSymbols="true" identifier="object_2" layer="64" hasText="true" isMultilineAllowed="false" continuousTextEditing="true" absoluteTextX="0.0" absoluteTextY="0.0" paragraphAlignment="CENTER" horizontalTextAlignment="CENTER" verticalTextAlignment="MIDDLE" isSelectable="true" isFocusable="true" drawControlPointsWhenFocused="true" drawControlPointsWhenSelected="true" isReadOnly="false" isLabelEditable="true" isVisible="true">
        <ForegroundStyle id="44" noStroke="false" color="0,0,0" lineWidth="1.499999998509884" joinStyle="JOIN_MITER" capStyle="CAP_SQUARE" dashStyle="PLAIN_STROKE" useTransparency="false" transparencyLevel="0.5" />
        <SelectedForegroundStyle id="45" noStroke="false" color="0,0,0" lineWidth="1.0" joinStyle="JOIN_MITER" capStyle="CAP_SQUARE" dashStyle="PLAIN_STROKE" useTransparency="false" transparencyLevel="0.5" />
        <FocusedForegroundStyle id="46" noStroke="false" color="0,0,0" lineWidth="1.0" joinStyle="JOIN_MITER" capStyle="CAP_SQUARE" dashStyle="PLAIN_STROKE" useTransparency="false" transparencyLevel="0.5" />
        <RectPolylinConnector id="47" rectPolylinConstraints="NONE" straightLineWhenPossible="true" adjustability="BASICALLY_ADJUSTABLE" startOrientation="EAST" endOrientation="WEST" isRounded="true" arcSize="10" isStartingLocationFixed="false" isEndingLocationFixed="false" isStartingLocationDraggable="false" isEndingLocationDraggable="false" crossedControlPoint="0.3021148036253776,0.4754098360655738" />
        <TextStyle id="48" font="Lucida Sans,0,11" color="0,0,0" orientation="0" isBackgroundColored="false" backgroundColor="255,255,255" />
      </ConnectorGraphicalRepresentation>
      <ArtifactFromShapeGraphicalRepresentation id="49" className="org.openflexo.vpm.view.widget.EditionPatternConnectorFromArtefactGR" x="80.0" y="80.0" width="20.0" height="20.0" minimalWidth="0.0" minimalHeight="0.0" maximalWidth="Infinity" maximalHeight="Infinity" relativeTextX="0.5" relativeTextY="0.5" lineWrap="true" locationConstraints="FREELY_MOVABLE" dimensionConstraints="CONSTRAINED_DIMENSIONS" adjustMinimalWidthToLabelWidth="true" adjustMinimalHeightToLabelHeight="true" adjustMaximalWidthToLabelWidth="false" adjustMaximalHeightToLabelHeight="false" hasSelectedForeground="false" hasSelectedBackground="false" hasFocusedForeground="false" hasFocusedBackground="false" isFloatingLabel="true" allowToLeaveBounds="true" identifier="object_0" layer="1" hasText="true" isMultilineAllowed="true" continuousTextEditing="true" absoluteTextX="0.0" absoluteTextY="0.0" paragraphAlignment="CENTER" horizontalTextAlignment="CENTER" verticalTextAlignment="MIDDLE" isSelectable="false" isFocusable="true" drawControlPointsWhenFocused="true" drawControlPointsWhenSelected="true" isReadOnly="false" isLabelEditable="true" isVisible="true">
        <ForegroundStyle id="50" noStroke="false" color="255,204,0" lineWidth="1.0" joinStyle="JOIN_MITER" capStyle="CAP_SQUARE" dashStyle="PLAIN_STROKE" useTransparency="false" transparencyLevel="0.5" />
        <ColorBackgroundStyle id="51" color="255,255,204" useTransparency="false" transparencyLevel="0.5" />
        <SelectedForegroundStyle id="52" noStroke="false" color="255,204,0" lineWidth="1.0" joinStyle="JOIN_MITER" capStyle="CAP_SQUARE" dashStyle="PLAIN_STROKE" useTransparency="false" transparencyLevel="0.5" />
        <SelectedColorBackgroundStyle id="53" color="255,255,204" useTransparency="false" transparencyLevel="0.5" />
        <FocusedForegroundStyle id="54" noStroke="false" color="255,204,0" lineWidth="1.0" joinStyle="JOIN_MITER" capStyle="CAP_SQUARE" dashStyle="PLAIN_STROKE" useTransparency="false" transparencyLevel="0.5" />
        <FocusedColorBackgroundStyle id="55" color="255,255,204" useTransparency="false" transparencyLevel="0.5" />
        <Border id="56" top="20" bottom="20" left="20" right="20" />
        <CircleShape id="57" />
        <ShadowStyle id="58" drawShadow="true" shadowDarkness="150" shadowDepth="2" shadowBlur="4" />
        <TextStyle id="59" font="Lucida Sans,0,11" color="0,0,0" orientation="0" isBackgroundColored="false" backgroundColor="255,255,255" />
      </ArtifactFromShapeGraphicalRepresentation>
      <ArtifactToShapeGraphicalRepresentation id="60" className="org.openflexo.vpm.view.widget.EditionPatternConnectorToArtefactGR" x="350.0" y="80.0" width="20.0" height="20.0" minimalWidth="0.0" minimalHeight="0.0" maximalWidth="Infinity" maximalHeight="Infinity" relativeTextX="0.5" relativeTextY="0.5" lineWrap="true" locationConstraints="FREELY_MOVABLE" dimensionConstraints="CONSTRAINED_DIMENSIONS" adjustMinimalWidthToLabelWidth="true" adjustMinimalHeightToLabelHeight="true" adjustMaximalWidthToLabelWidth="false" adjustMaximalHeightToLabelHeight="false" hasSelectedForeground="false" hasSelectedBackground="false" hasFocusedForeground="false" hasFocusedBackground="false" isFloatingLabel="true" allowToLeaveBounds="true" identifier="object_1" layer="1" hasText="true" isMultilineAllowed="true" continuousTextEditing="true" absoluteTextX="0.0" absoluteTextY="0.0" paragraphAlignment="CENTER" horizontalTextAlignment="CENTER" verticalTextAlignment="MIDDLE" isSelectable="false" isFocusable="true" drawControlPointsWhenFocused="true" drawControlPointsWhenSelected="true" isReadOnly="false" isLabelEditable="true" isVisible="true">
        <ForegroundStyle id="61" noStroke="false" color="255,204,0" lineWidth="1.0" joinStyle="JOIN_MITER" capStyle="CAP_SQUARE" dashStyle="PLAIN_STROKE" useTransparency="false" transparencyLevel="0.5" />
        <ColorBackgroundStyle id="62" color="255,255,204" useTransparency="false" transparencyLevel="0.5" />
        <SelectedForegroundStyle id="63" noStroke="false" color="255,204,0" lineWidth="1.0" joinStyle="JOIN_MITER" capStyle="CAP_SQUARE" dashStyle="PLAIN_STROKE" useTransparency="false" transparencyLevel="0.5" />
        <SelectedColorBackgroundStyle id="64" color="255,255,204" useTransparency="false" transparencyLevel="0.5" />
        <FocusedForegroundStyle id="65" noStroke="false" color="255,204,0" lineWidth="1.0" joinStyle="JOIN_MITER" capStyle="CAP_SQUARE" dashStyle="PLAIN_STROKE" useTransparency="false" transparencyLevel="0.5" />
        <FocusedColorBackgroundStyle id="66" color="255,255,204" useTransparency="false" transparencyLevel="0.5" />
        <Border id="67" top="20" bottom="20" left="20" right="20" />
        <CircleShape idref="57" />
        <ShadowStyle id="68" drawShadow="true" shadowDarkness="150" shadowDepth="2" shadowBlur="4" />
        <TextStyle id="69" font="Lucida Sans,0,11" color="0,0,0" orientation="0" isBackgroundColored="false" backgroundColor="255,255,255" />
      </ArtifactToShapeGraphicalRepresentation>
      <AddressedDiagramModelSlot id="9" isRequired="true" isReadOnly="false" name="this" virtualModelURI="http://ArchimateVP/PrincipleViewpointDiagram" />
      <GRSpec id="70" featureName="label" value="association.association.name" readOnly="true" />
    </ContainedConnectorPatternRole>
    <ContainedEditionPatternInstancePatternRole id="71" editionPatternTypeURI="http://ArchimateVP/ArchimateVirtualModel#Association" name="association" patternRole="association">
      <AddressedVirtualModelModelSlot id="72" virtualModelURI="http://ArchimateVP/ArchimateVirtualModel" isRequired="true" isReadOnly="false" name="archimateVirtualModel" />
    </ContainedEditionPatternInstancePatternRole>
    <PrimaryRepresentationConnectorPatternRole idref="42" />
    <Inspector id="73" inspectorTitle="AssociationGR" />
  </EditionPattern>
  <EditionPattern id="74" name="CompositionGR">
    <DeletionScheme id="75" name="deletion" label="deletion" skipConfirmationPanel="false" definePopupDefaultSize="false" width="800" height="600">
      <DeleteAction id="76" object="connector" />
    </DeletionScheme>
    <LinkScheme id="77" fromTarget="http://ArchimateVP/PrincipleViewpointDiagram#GoalGR" toTarget="http://ArchimateVP/PrincipleViewpointDiagram#GoalGR" isAvailableWithFloatingPalette="true" northDirectionSupported="true" eastDirectionSupported="true" southDirectionSupported="true" westDirectionSupported="true" name="linkFromGoalGRToGoalGR" label="CompositionGR" skipConfirmationPanel="false" definePopupDefaultSize="false" width="800" height="600">
      <TextFieldParameter id="78" name="name" label="name" usePaletteLabelAsDefaultValue="false" isRequired="false" />
      <TextAreaParameter id="79" name="documentation" label="documentation" usePaletteLabelAsDefaultValue="false" isRequired="false" />
      <AddConnector id="80" fromShape="fromTarget.shape" toShape="toTarget.shape" assignation="connector">
        <AddressedDiagramModelSlot idref="9" />
      </AddConnector>
      <AddEditionPatternInstance id="81" virtualModelInstance="diagram.archimateVirtualModel" creationSchemeURI="http://ArchimateVP/ArchimateVirtualModel#Composition.creationFromGoalToGoal" assignation="composition">
        <AddEditionPatternInstanceParameter id="82" paramName="source" value="fromTarget.goal" />
        <AddEditionPatternInstanceParameter id="83" paramName="target" value="toTarget.goal" />
        <AddEditionPatternInstanceParameter id="84" paramName="name" value="parameters.name" />
        <AddEditionPatternInstanceParameter id="85" paramName="documentation" value="parameters.documentation" />
      </AddEditionPatternInstance>
    </LinkScheme>
    <LinkScheme id="86" fromTarget="http://ArchimateVP/PrincipleViewpointDiagram#PrincipleGR" toTarget="http://ArchimateVP/PrincipleViewpointDiagram#PrincipleGR" isAvailableWithFloatingPalette="true" northDirectionSupported="true" eastDirectionSupported="true" southDirectionSupported="true" westDirectionSupported="true" name="linkFromPrincipleGRToPrincipleGR" label="CompositionGR" skipConfirmationPanel="false" definePopupDefaultSize="false" width="800" height="600">
      <TextFieldParameter id="87" name="name" label="name" usePaletteLabelAsDefaultValue="false" isRequired="false" />
      <TextAreaParameter id="88" name="documentation" label="documentation" usePaletteLabelAsDefaultValue="false" isRequired="false" />
      <AddConnector id="89" fromShape="fromTarget.shape" toShape="toTarget.shape" assignation="connector">
        <AddressedDiagramModelSlot idref="9" />
      </AddConnector>
      <AddEditionPatternInstance id="90" virtualModelInstance="diagram.archimateVirtualModel" creationSchemeURI="http://ArchimateVP/ArchimateVirtualModel#Composition.creationFromPrincipleToPrinciple" assignation="composition">
        <AddEditionPatternInstanceParameter id="91" paramName="source" value="fromTarget.principle" />
        <AddEditionPatternInstanceParameter id="92" paramName="target" value="toTarget.principle" />
        <AddEditionPatternInstanceParameter id="93" paramName="name" value="parameters.name" />
        <AddEditionPatternInstanceParameter id="94" paramName="documentation" value="parameters.documentation" />
      </AddEditionPatternInstance>
    </LinkScheme>
    <ContainedConnectorPatternRole id="95" patternRole="connector" name="connector" exampleLabel="label">
      <ConnectorGraphicalRepresentation id="96" className="org.openflexo.vpm.view.widget.EditionPatternPreviewConnectorGR" hasSelectedForeground="false" hasFocusedForeground="false" startSymbol="FILLED_DIAMOND" endSymbol="NONE" middleSymbol="NONE" startSymbolSize="20.0" endSymbolSize="10.0" middleSymbolSize="10.0" relativeMiddleSymbolLocation="0.5" applyForegroundToSymbols="true" identifier="object_2" layer="64" hasText="true" isMultilineAllowed="true" continuousTextEditing="true" absoluteTextX="0.0" absoluteTextY="0.0" paragraphAlignment="CENTER" horizontalTextAlignment="CENTER" verticalTextAlignment="MIDDLE" isSelectable="true" isFocusable="true" drawControlPointsWhenFocused="true" drawControlPointsWhenSelected="true" isReadOnly="false" isLabelEditable="true" isVisible="true">
        <ForegroundStyle id="97" noStroke="false" color="0,0,0" lineWidth="1.500000001490116" joinStyle="JOIN_MITER" capStyle="CAP_SQUARE" dashStyle="PLAIN_STROKE" useTransparency="false" transparencyLevel="0.5" />
        <SelectedForegroundStyle id="98" noStroke="false" color="0,0,0" lineWidth="1.0" joinStyle="JOIN_MITER" capStyle="CAP_SQUARE" dashStyle="PLAIN_STROKE" useTransparency="false" transparencyLevel="0.5" />
        <FocusedForegroundStyle id="99" noStroke="false" color="0,0,0" lineWidth="1.0" joinStyle="JOIN_MITER" capStyle="CAP_SQUARE" dashStyle="PLAIN_STROKE" useTransparency="false" transparencyLevel="0.5" />
        <LineConnector id="100" lineConnectorType="MINIMAL_LENGTH" />
        <TextStyle id="101" font="Lucida Sans,0,11" color="0,0,0" orientation="0" isBackgroundColored="false" backgroundColor="255,255,255" />
      </ConnectorGraphicalRepresentation>
      <ArtifactFromShapeGraphicalRepresentation id="102" className="org.openflexo.vpm.view.widget.EditionPatternConnectorFromArtefactGR" x="80.0" y="80.0" width="20.0" height="20.0" minimalWidth="0.0" minimalHeight="0.0" maximalWidth="Infinity" maximalHeight="Infinity" relativeTextX="0.5" relativeTextY="0.5" lineWrap="true" locationConstraints="FREELY_MOVABLE" dimensionConstraints="CONSTRAINED_DIMENSIONS" adjustMinimalWidthToLabelWidth="true" adjustMinimalHeightToLabelHeight="true" adjustMaximalWidthToLabelWidth="false" adjustMaximalHeightToLabelHeight="false" hasSelectedForeground="false" hasSelectedBackground="false" hasFocusedForeground="false" hasFocusedBackground="false" isFloatingLabel="true" allowToLeaveBounds="true" identifier="object_0" layer="1" hasText="true" isMultilineAllowed="true" continuousTextEditing="true" absoluteTextX="0.0" absoluteTextY="0.0" paragraphAlignment="CENTER" horizontalTextAlignment="CENTER" verticalTextAlignment="MIDDLE" isSelectable="false" isFocusable="true" drawControlPointsWhenFocused="true" drawControlPointsWhenSelected="true" isReadOnly="false" isLabelEditable="true" isVisible="true">
        <ForegroundStyle id="103" noStroke="false" color="255,204,0" lineWidth="1.0" joinStyle="JOIN_MITER" capStyle="CAP_SQUARE" dashStyle="PLAIN_STROKE" useTransparency="false" transparencyLevel="0.5" />
        <ColorBackgroundStyle id="104" color="255,255,204" useTransparency="false" transparencyLevel="0.5" />
        <SelectedForegroundStyle id="105" noStroke="false" color="255,204,0" lineWidth="1.0" joinStyle="JOIN_MITER" capStyle="CAP_SQUARE" dashStyle="PLAIN_STROKE" useTransparency="false" transparencyLevel="0.5" />
        <SelectedColorBackgroundStyle id="106" color="255,255,204" useTransparency="false" transparencyLevel="0.5" />
        <FocusedForegroundStyle id="107" noStroke="false" color="255,204,0" lineWidth="1.0" joinStyle="JOIN_MITER" capStyle="CAP_SQUARE" dashStyle="PLAIN_STROKE" useTransparency="false" transparencyLevel="0.5" />
        <FocusedColorBackgroundStyle id="108" color="255,255,204" useTransparency="false" transparencyLevel="0.5" />
        <Border id="109" top="20" bottom="20" left="20" right="20" />
        <CircleShape idref="57" />
        <ShadowStyle id="110" drawShadow="true" shadowDarkness="150" shadowDepth="2" shadowBlur="4" />
        <TextStyle id="111" font="Lucida Sans,0,11" color="0,0,0" orientation="0" isBackgroundColored="false" backgroundColor="255,255,255" />
      </ArtifactFromShapeGraphicalRepresentation>
      <ArtifactToShapeGraphicalRepresentation id="112" className="org.openflexo.vpm.view.widget.EditionPatternConnectorToArtefactGR" x="350.0" y="80.0" width="20.0" height="20.0" minimalWidth="0.0" minimalHeight="0.0" maximalWidth="Infinity" maximalHeight="Infinity" relativeTextX="0.5" relativeTextY="0.5" lineWrap="true" locationConstraints="FREELY_MOVABLE" dimensionConstraints="CONSTRAINED_DIMENSIONS" adjustMinimalWidthToLabelWidth="true" adjustMinimalHeightToLabelHeight="true" adjustMaximalWidthToLabelWidth="false" adjustMaximalHeightToLabelHeight="false" hasSelectedForeground="false" hasSelectedBackground="false" hasFocusedForeground="false" hasFocusedBackground="false" isFloatingLabel="true" allowToLeaveBounds="true" identifier="object_1" layer="1" hasText="true" isMultilineAllowed="true" continuousTextEditing="true" absoluteTextX="0.0" absoluteTextY="0.0" paragraphAlignment="CENTER" horizontalTextAlignment="CENTER" verticalTextAlignment="MIDDLE" isSelectable="false" isFocusable="true" drawControlPointsWhenFocused="true" drawControlPointsWhenSelected="true" isReadOnly="false" isLabelEditable="true" isVisible="true">
        <ForegroundStyle id="113" noStroke="false" color="255,204,0" lineWidth="1.0" joinStyle="JOIN_MITER" capStyle="CAP_SQUARE" dashStyle="PLAIN_STROKE" useTransparency="false" transparencyLevel="0.5" />
        <ColorBackgroundStyle id="114" color="255,255,204" useTransparency="false" transparencyLevel="0.5" />
        <SelectedForegroundStyle id="115" noStroke="false" color="255,204,0" lineWidth="1.0" joinStyle="JOIN_MITER" capStyle="CAP_SQUARE" dashStyle="PLAIN_STROKE" useTransparency="false" transparencyLevel="0.5" />
        <SelectedColorBackgroundStyle id="116" color="255,255,204" useTransparency="false" transparencyLevel="0.5" />
        <FocusedForegroundStyle id="117" noStroke="false" color="255,204,0" lineWidth="1.0" joinStyle="JOIN_MITER" capStyle="CAP_SQUARE" dashStyle="PLAIN_STROKE" useTransparency="false" transparencyLevel="0.5" />
        <FocusedColorBackgroundStyle id="118" color="255,255,204" useTransparency="false" transparencyLevel="0.5" />
        <Border id="119" top="20" bottom="20" left="20" right="20" />
        <CircleShape idref="57" />
        <ShadowStyle id="120" drawShadow="true" shadowDarkness="150" shadowDepth="2" shadowBlur="4" />
        <TextStyle id="121" font="Lucida Sans,0,11" color="0,0,0" orientation="0" isBackgroundColored="false" backgroundColor="255,255,255" />
      </ArtifactToShapeGraphicalRepresentation>
      <AddressedDiagramModelSlot idref="9" />
      <GRSpec id="122" featureName="label" value="composition.composition.name" readOnly="false" />
    </ContainedConnectorPatternRole>
    <ContainedEditionPatternInstancePatternRole id="123" editionPatternTypeURI="http://ArchimateVP/ArchimateVirtualModel#Composition" name="composition" patternRole="composition">
      <AddressedVirtualModelModelSlot idref="72" />
    </ContainedEditionPatternInstancePatternRole>
    <PrimaryRepresentationConnectorPatternRole idref="95" />
    <Inspector id="124" inspectorTitle="CompositionGR" />
  </EditionPattern>
  <EditionPattern id="125" name="AggregationGR">
    <DeletionScheme id="126" name="deletion" label="deletion" skipConfirmationPanel="false" definePopupDefaultSize="false" width="800" height="600">
      <DeleteAction id="127" object="connector" />
    </DeletionScheme>
    <LinkScheme id="128" fromTarget="http://ArchimateVP/PrincipleViewpointDiagram#GoalGR" toTarget="http://ArchimateVP/PrincipleViewpointDiagram#GoalGR" isAvailableWithFloatingPalette="true" northDirectionSupported="true" eastDirectionSupported="true" southDirectionSupported="true" westDirectionSupported="true" name="linkFromGoalGRToGoalGR" label="AggregationGR" skipConfirmationPanel="false" definePopupDefaultSize="false" width="800" height="600">
      <TextFieldParameter id="129" name="name" label="name" usePaletteLabelAsDefaultValue="false" isRequired="false" />
      <TextAreaParameter id="130" name="documentation" label="documentation" usePaletteLabelAsDefaultValue="false" isRequired="false" />
      <AddConnector id="131" fromShape="fromTarget.shape" toShape="toTarget.shape" assignation="connector">
        <AddressedDiagramModelSlot idref="9" />
      </AddConnector>
      <AddEditionPatternInstance id="132" virtualModelInstance="diagram.archimateVirtualModel" creationSchemeURI="http://ArchimateVP/ArchimateVirtualModel#Aggregation.creationFromGoalToGoal" assignation="aggregation">
        <AddEditionPatternInstanceParameter id="133" paramName="source" value="fromTarget.goal" />
        <AddEditionPatternInstanceParameter id="134" paramName="target" value="toTarget.goal" />
        <AddEditionPatternInstanceParameter id="135" paramName="name" value="parameters.name" />
        <AddEditionPatternInstanceParameter id="136" paramName="documentation" value="parameters.documentation" />
      </AddEditionPatternInstance>
    </LinkScheme>
    <LinkScheme id="137" fromTarget="http://ArchimateVP/PrincipleViewpointDiagram#PrincipleGR" toTarget="http://ArchimateVP/PrincipleViewpointDiagram#PrincipleGR" isAvailableWithFloatingPalette="true" northDirectionSupported="true" eastDirectionSupported="true" southDirectionSupported="true" westDirectionSupported="true" name="linkFromPrincipleGRToPrincipleGR" label="AggregationGR" skipConfirmationPanel="false" definePopupDefaultSize="false" width="800" height="600">
      <TextFieldParameter id="138" name="name" label="name" usePaletteLabelAsDefaultValue="false" isRequired="false" />
      <TextAreaParameter id="139" name="documentation" label="documentation" usePaletteLabelAsDefaultValue="false" isRequired="false" />
      <AddConnector id="140" fromShape="fromTarget.shape" toShape="toTarget.shape" assignation="connector">
        <AddressedDiagramModelSlot idref="9" />
      </AddConnector>
      <AddEditionPatternInstance id="141" virtualModelInstance="diagram.archimateVirtualModel" creationSchemeURI="http://ArchimateVP/ArchimateVirtualModel#Aggregation.creationFromPrincipleToPrinciple" assignation="aggregation">
        <AddEditionPatternInstanceParameter id="142" paramName="source" value="fromTarget.principle" />
        <AddEditionPatternInstanceParameter id="143" paramName="target" value="toTarget.principle" />
        <AddEditionPatternInstanceParameter id="144" paramName="name" value="parameters.name" />
        <AddEditionPatternInstanceParameter id="145" paramName="documentation" value="parameters.documentation" />
      </AddEditionPatternInstance>
    </LinkScheme>
    <ContainedConnectorPatternRole id="146" patternRole="connector" name="connector" exampleLabel="label">
      <ConnectorGraphicalRepresentation id="147" className="org.openflexo.vpm.view.widget.EditionPatternPreviewConnectorGR" hasSelectedForeground="false" hasFocusedForeground="false" startSymbol="PLAIN_DIAMOND" endSymbol="NONE" middleSymbol="NONE" startSymbolSize="20.0" endSymbolSize="10.0" middleSymbolSize="10.0" relativeMiddleSymbolLocation="0.5" applyForegroundToSymbols="true" identifier="object_2" layer="64" hasText="true" isMultilineAllowed="true" continuousTextEditing="true" absoluteTextX="0.0" absoluteTextY="0.0" paragraphAlignment="CENTER" horizontalTextAlignment="CENTER" verticalTextAlignment="MIDDLE" isSelectable="true" isFocusable="true" drawControlPointsWhenFocused="true" drawControlPointsWhenSelected="true" isReadOnly="false" isLabelEditable="true" isVisible="true">
        <ForegroundStyle id="148" noStroke="false" color="0,0,0" lineWidth="1.500000001490116" joinStyle="JOIN_MITER" capStyle="CAP_SQUARE" dashStyle="PLAIN_STROKE" useTransparency="false" transparencyLevel="0.5" />
        <SelectedForegroundStyle id="149" noStroke="false" color="0,0,0" lineWidth="1.0" joinStyle="JOIN_MITER" capStyle="CAP_SQUARE" dashStyle="PLAIN_STROKE" useTransparency="false" transparencyLevel="0.5" />
        <FocusedForegroundStyle id="150" noStroke="false" color="0,0,0" lineWidth="1.0" joinStyle="JOIN_MITER" capStyle="CAP_SQUARE" dashStyle="PLAIN_STROKE" useTransparency="false" transparencyLevel="0.5" />
        <LineConnector id="151" lineConnectorType="MINIMAL_LENGTH" />
        <TextStyle id="152" font="Lucida Sans,0,11" color="0,0,0" orientation="0" isBackgroundColored="false" backgroundColor="255,255,255" />
      </ConnectorGraphicalRepresentation>
      <ArtifactFromShapeGraphicalRepresentation id="153" className="org.openflexo.vpm.view.widget.EditionPatternConnectorFromArtefactGR" x="80.0" y="80.0" width="20.0" height="20.0" minimalWidth="0.0" minimalHeight="0.0" maximalWidth="Infinity" maximalHeight="Infinity" relativeTextX="0.5" relativeTextY="0.5" lineWrap="true" locationConstraints="FREELY_MOVABLE" dimensionConstraints="CONSTRAINED_DIMENSIONS" adjustMinimalWidthToLabelWidth="true" adjustMinimalHeightToLabelHeight="true" adjustMaximalWidthToLabelWidth="false" adjustMaximalHeightToLabelHeight="false" hasSelectedForeground="false" hasSelectedBackground="false" hasFocusedForeground="false" hasFocusedBackground="false" isFloatingLabel="true" allowToLeaveBounds="true" identifier="object_0" layer="1" hasText="true" isMultilineAllowed="true" continuousTextEditing="true" absoluteTextX="0.0" absoluteTextY="0.0" paragraphAlignment="CENTER" horizontalTextAlignment="CENTER" verticalTextAlignment="MIDDLE" isSelectable="false" isFocusable="true" drawControlPointsWhenFocused="true" drawControlPointsWhenSelected="true" isReadOnly="false" isLabelEditable="true" isVisible="true">
        <ForegroundStyle id="154" noStroke="false" color="255,204,0" lineWidth="1.0" joinStyle="JOIN_MITER" capStyle="CAP_SQUARE" dashStyle="PLAIN_STROKE" useTransparency="false" transparencyLevel="0.5" />
        <ColorBackgroundStyle id="155" color="255,255,204" useTransparency="false" transparencyLevel="0.5" />
        <SelectedForegroundStyle id="156" noStroke="false" color="255,204,0" lineWidth="1.0" joinStyle="JOIN_MITER" capStyle="CAP_SQUARE" dashStyle="PLAIN_STROKE" useTransparency="false" transparencyLevel="0.5" />
        <SelectedColorBackgroundStyle id="157" color="255,255,204" useTransparency="false" transparencyLevel="0.5" />
        <FocusedForegroundStyle id="158" noStroke="false" color="255,204,0" lineWidth="1.0" joinStyle="JOIN_MITER" capStyle="CAP_SQUARE" dashStyle="PLAIN_STROKE" useTransparency="false" transparencyLevel="0.5" />
        <FocusedColorBackgroundStyle id="159" color="255,255,204" useTransparency="false" transparencyLevel="0.5" />
        <Border id="160" top="20" bottom="20" left="20" right="20" />
        <CircleShape idref="57" />
        <ShadowStyle id="161" drawShadow="true" shadowDarkness="150" shadowDepth="2" shadowBlur="4" />
        <TextStyle id="162" font="Lucida Sans,0,11" color="0,0,0" orientation="0" isBackgroundColored="false" backgroundColor="255,255,255" />
      </ArtifactFromShapeGraphicalRepresentation>
      <ArtifactToShapeGraphicalRepresentation id="163" className="org.openflexo.vpm.view.widget.EditionPatternConnectorToArtefactGR" x="350.0" y="80.0" width="20.0" height="20.0" minimalWidth="0.0" minimalHeight="0.0" maximalWidth="Infinity" maximalHeight="Infinity" relativeTextX="0.5" relativeTextY="0.5" lineWrap="true" locationConstraints="FREELY_MOVABLE" dimensionConstraints="CONSTRAINED_DIMENSIONS" adjustMinimalWidthToLabelWidth="true" adjustMinimalHeightToLabelHeight="true" adjustMaximalWidthToLabelWidth="false" adjustMaximalHeightToLabelHeight="false" hasSelectedForeground="false" hasSelectedBackground="false" hasFocusedForeground="false" hasFocusedBackground="false" isFloatingLabel="true" allowToLeaveBounds="true" identifier="object_1" layer="1" hasText="true" isMultilineAllowed="true" continuousTextEditing="true" absoluteTextX="0.0" absoluteTextY="0.0" paragraphAlignment="CENTER" horizontalTextAlignment="CENTER" verticalTextAlignment="MIDDLE" isSelectable="false" isFocusable="true" drawControlPointsWhenFocused="true" drawControlPointsWhenSelected="true" isReadOnly="false" isLabelEditable="true" isVisible="true">
        <ForegroundStyle id="164" noStroke="false" color="255,204,0" lineWidth="1.0" joinStyle="JOIN_MITER" capStyle="CAP_SQUARE" dashStyle="PLAIN_STROKE" useTransparency="false" transparencyLevel="0.5" />
        <ColorBackgroundStyle id="165" color="255,255,204" useTransparency="false" transparencyLevel="0.5" />
        <SelectedForegroundStyle id="166" noStroke="false" color="255,204,0" lineWidth="1.0" joinStyle="JOIN_MITER" capStyle="CAP_SQUARE" dashStyle="PLAIN_STROKE" useTransparency="false" transparencyLevel="0.5" />
        <SelectedColorBackgroundStyle id="167" color="255,255,204" useTransparency="false" transparencyLevel="0.5" />
        <FocusedForegroundStyle id="168" noStroke="false" color="255,204,0" lineWidth="1.0" joinStyle="JOIN_MITER" capStyle="CAP_SQUARE" dashStyle="PLAIN_STROKE" useTransparency="false" transparencyLevel="0.5" />
        <FocusedColorBackgroundStyle id="169" color="255,255,204" useTransparency="false" transparencyLevel="0.5" />
        <Border id="170" top="20" bottom="20" left="20" right="20" />
        <CircleShape idref="57" />
        <ShadowStyle id="171" drawShadow="true" shadowDarkness="150" shadowDepth="2" shadowBlur="4" />
        <TextStyle id="172" font="Lucida Sans,0,11" color="0,0,0" orientation="0" isBackgroundColored="false" backgroundColor="255,255,255" />
      </ArtifactToShapeGraphicalRepresentation>
      <AddressedDiagramModelSlot idref="9" />
      <GRSpec id="173" featureName="label" value="aggregation.aggregation.name" readOnly="false" />
    </ContainedConnectorPatternRole>
    <ContainedEditionPatternInstancePatternRole id="174" editionPatternTypeURI="http://ArchimateVP/ArchimateVirtualModel#Aggregation" name="aggregation" patternRole="aggregation">
      <AddressedVirtualModelModelSlot idref="72" />
    </ContainedEditionPatternInstancePatternRole>
    <PrimaryRepresentationConnectorPatternRole idref="146" />
    <Inspector id="175" inspectorTitle="AggregationGR" />
  </EditionPattern>
  <EditionPattern id="176" name="SpecializationGR">
    <DeletionScheme id="177" name="deletion" label="deletion" skipConfirmationPanel="false" definePopupDefaultSize="false" width="800" height="600">
      <DeleteAction id="178" object="connector" />
    </DeletionScheme>
    <LinkScheme id="179" fromTarget="http://ArchimateVP/PrincipleViewpointDiagram#GoalGR" toTarget="http://ArchimateVP/PrincipleViewpointDiagram#GoalGR" isAvailableWithFloatingPalette="true" northDirectionSupported="true" eastDirectionSupported="true" southDirectionSupported="true" westDirectionSupported="true" name="linkFromGoalGRToGoalGR" label="SpecializationGR" skipConfirmationPanel="false" definePopupDefaultSize="false" width="800" height="600">
      <TextFieldParameter id="180" name="name" label="name" usePaletteLabelAsDefaultValue="false" isRequired="false" />
      <TextAreaParameter id="181" name="documentation" label="documentation" usePaletteLabelAsDefaultValue="false" isRequired="false" />
      <AddConnector id="182" fromShape="fromTarget.shape" toShape="toTarget.shape" assignation="connector">
        <AddressedDiagramModelSlot idref="9" />
      </AddConnector>
      <AddEditionPatternInstance id="183" virtualModelInstance="diagram.archimateVirtualModel" creationSchemeURI="http://ArchimateVP/ArchimateVirtualModel#Specialization.creationFromGoalToGoal" assignation="specialization">
        <AddEditionPatternInstanceParameter id="184" paramName="source" value="fromTarget.goal" />
        <AddEditionPatternInstanceParameter id="185" paramName="target" value="toTarget.goal" />
        <AddEditionPatternInstanceParameter id="186" paramName="name" value="parameters.name" />
        <AddEditionPatternInstanceParameter id="187" paramName="documentation" value="parameters.documentation" />
      </AddEditionPatternInstance>
    </LinkScheme>
    <LinkScheme id="188" fromTarget="http://ArchimateVP/PrincipleViewpointDiagram#PrincipleGR" toTarget="http://ArchimateVP/PrincipleViewpointDiagram#PrincipleGR" isAvailableWithFloatingPalette="true" northDirectionSupported="true" eastDirectionSupported="true" southDirectionSupported="true" westDirectionSupported="true" name="linkFromPrincipleGRToPrincipleGR" label="SpecializationGR" skipConfirmationPanel="false" definePopupDefaultSize="false" width="800" height="600">
      <TextFieldParameter id="189" name="name" label="name" usePaletteLabelAsDefaultValue="false" isRequired="false" />
      <TextAreaParameter id="190" name="documentation" label="documentation" usePaletteLabelAsDefaultValue="false" isRequired="false" />
      <AddConnector id="191" fromShape="fromTarget.shape" toShape="toTarget.shape" assignation="connector">
        <AddressedDiagramModelSlot idref="9" />
      </AddConnector>
      <AddEditionPatternInstance id="192" virtualModelInstance="diagram.archimateVirtualModel" creationSchemeURI="http://ArchimateVP/ArchimateVirtualModel#Specialization.creationFromPrincipleToPrinciple" assignation="specialization">
        <AddEditionPatternInstanceParameter id="193" paramName="source" value="fromTarget.principle" />
        <AddEditionPatternInstanceParameter id="194" paramName="target" value="toTarget.principle" />
        <AddEditionPatternInstanceParameter id="195" paramName="name" value="parameters.name" />
        <AddEditionPatternInstanceParameter id="196" paramName="documentation" value="parameters.documentation" />
      </AddEditionPatternInstance>
    </LinkScheme>
    <ContainedConnectorPatternRole id="197" patternRole="connector" name="connector" exampleLabel="label">
      <ConnectorGraphicalRepresentation id="198" className="org.openflexo.vpm.view.widget.EditionPatternPreviewConnectorGR" hasSelectedForeground="false" hasFocusedForeground="false" startSymbol="NONE" endSymbol="PLAIN_ARROW" middleSymbol="NONE" startSymbolSize="10.0" endSymbolSize="20.0" middleSymbolSize="10.0" relativeMiddleSymbolLocation="0.5" applyForegroundToSymbols="true" identifier="object_2" layer="64" hasText="true" isMultilineAllowed="true" continuousTextEditing="true" absoluteTextX="0.0" absoluteTextY="0.0" paragraphAlignment="CENTER" horizontalTextAlignment="CENTER" verticalTextAlignment="MIDDLE" isSelectable="true" isFocusable="true" drawControlPointsWhenFocused="true" drawControlPointsWhenSelected="true" isReadOnly="false" isLabelEditable="true" isVisible="true">
        <ForegroundStyle id="199" noStroke="false" color="0,0,0" lineWidth="1.500000001490116" joinStyle="JOIN_MITER" capStyle="CAP_SQUARE" dashStyle="PLAIN_STROKE" useTransparency="false" transparencyLevel="0.5" />
        <SelectedForegroundStyle id="200" noStroke="false" color="0,0,0" lineWidth="1.0" joinStyle="JOIN_MITER" capStyle="CAP_SQUARE" dashStyle="PLAIN_STROKE" useTransparency="false" transparencyLevel="0.5" />
        <FocusedForegroundStyle id="201" noStroke="false" color="0,0,0" lineWidth="1.0" joinStyle="JOIN_MITER" capStyle="CAP_SQUARE" dashStyle="PLAIN_STROKE" useTransparency="false" transparencyLevel="0.5" />
        <LineConnector id="202" lineConnectorType="MINIMAL_LENGTH" />
        <TextStyle id="203" font="Lucida Sans,0,11" color="0,0,0" orientation="0" isBackgroundColored="false" backgroundColor="255,255,255" />
      </ConnectorGraphicalRepresentation>
      <ArtifactFromShapeGraphicalRepresentation id="204" className="org.openflexo.vpm.view.widget.EditionPatternConnectorFromArtefactGR" x="80.0" y="80.0" width="20.0" height="20.0" minimalWidth="0.0" minimalHeight="0.0" maximalWidth="Infinity" maximalHeight="Infinity" relativeTextX="0.5" relativeTextY="0.5" lineWrap="true" locationConstraints="FREELY_MOVABLE" dimensionConstraints="CONSTRAINED_DIMENSIONS" adjustMinimalWidthToLabelWidth="true" adjustMinimalHeightToLabelHeight="true" adjustMaximalWidthToLabelWidth="false" adjustMaximalHeightToLabelHeight="false" hasSelectedForeground="false" hasSelectedBackground="false" hasFocusedForeground="false" hasFocusedBackground="false" isFloatingLabel="true" allowToLeaveBounds="true" identifier="object_0" layer="1" hasText="true" isMultilineAllowed="true" continuousTextEditing="true" absoluteTextX="0.0" absoluteTextY="0.0" paragraphAlignment="CENTER" horizontalTextAlignment="CENTER" verticalTextAlignment="MIDDLE" isSelectable="false" isFocusable="true" drawControlPointsWhenFocused="true" drawControlPointsWhenSelected="true" isReadOnly="false" isLabelEditable="true" isVisible="true">
        <ForegroundStyle id="205" noStroke="false" color="255,204,0" lineWidth="1.0" joinStyle="JOIN_MITER" capStyle="CAP_SQUARE" dashStyle="PLAIN_STROKE" useTransparency="false" transparencyLevel="0.5" />
        <ColorBackgroundStyle id="206" color="255,255,204" useTransparency="false" transparencyLevel="0.5" />
        <SelectedForegroundStyle id="207" noStroke="false" color="255,204,0" lineWidth="1.0" joinStyle="JOIN_MITER" capStyle="CAP_SQUARE" dashStyle="PLAIN_STROKE" useTransparency="false" transparencyLevel="0.5" />
        <SelectedColorBackgroundStyle id="208" color="255,255,204" useTransparency="false" transparencyLevel="0.5" />
        <FocusedForegroundStyle id="209" noStroke="false" color="255,204,0" lineWidth="1.0" joinStyle="JOIN_MITER" capStyle="CAP_SQUARE" dashStyle="PLAIN_STROKE" useTransparency="false" transparencyLevel="0.5" />
        <FocusedColorBackgroundStyle id="210" color="255,255,204" useTransparency="false" transparencyLevel="0.5" />
        <Border id="211" top="20" bottom="20" left="20" right="20" />
        <CircleShape idref="57" />
        <ShadowStyle id="212" drawShadow="true" shadowDarkness="150" shadowDepth="2" shadowBlur="4" />
        <TextStyle id="213" font="Lucida Sans,0,11" color="0,0,0" orientation="0" isBackgroundColored="false" backgroundColor="255,255,255" />
      </ArtifactFromShapeGraphicalRepresentation>
      <ArtifactToShapeGraphicalRepresentation id="214" className="org.openflexo.vpm.view.widget.EditionPatternConnectorToArtefactGR" x="350.0" y="80.0" width="20.0" height="20.0" minimalWidth="0.0" minimalHeight="0.0" maximalWidth="Infinity" maximalHeight="Infinity" relativeTextX="0.5" relativeTextY="0.5" lineWrap="true" locationConstraints="FREELY_MOVABLE" dimensionConstraints="CONSTRAINED_DIMENSIONS" adjustMinimalWidthToLabelWidth="true" adjustMinimalHeightToLabelHeight="true" adjustMaximalWidthToLabelWidth="false" adjustMaximalHeightToLabelHeight="false" hasSelectedForeground="false" hasSelectedBackground="false" hasFocusedForeground="false" hasFocusedBackground="false" isFloatingLabel="true" allowToLeaveBounds="true" identifier="object_1" layer="1" hasText="true" isMultilineAllowed="true" continuousTextEditing="true" absoluteTextX="0.0" absoluteTextY="0.0" paragraphAlignment="CENTER" horizontalTextAlignment="CENTER" verticalTextAlignment="MIDDLE" isSelectable="false" isFocusable="true" drawControlPointsWhenFocused="true" drawControlPointsWhenSelected="true" isReadOnly="false" isLabelEditable="true" isVisible="true">
        <ForegroundStyle id="215" noStroke="false" color="255,204,0" lineWidth="1.0" joinStyle="JOIN_MITER" capStyle="CAP_SQUARE" dashStyle="PLAIN_STROKE" useTransparency="false" transparencyLevel="0.5" />
        <ColorBackgroundStyle id="216" color="255,255,204" useTransparency="false" transparencyLevel="0.5" />
        <SelectedForegroundStyle id="217" noStroke="false" color="255,204,0" lineWidth="1.0" joinStyle="JOIN_MITER" capStyle="CAP_SQUARE" dashStyle="PLAIN_STROKE" useTransparency="false" transparencyLevel="0.5" />
        <SelectedColorBackgroundStyle id="218" color="255,255,204" useTransparency="false" transparencyLevel="0.5" />
        <FocusedForegroundStyle id="219" noStroke="false" color="255,204,0" lineWidth="1.0" joinStyle="JOIN_MITER" capStyle="CAP_SQUARE" dashStyle="PLAIN_STROKE" useTransparency="false" transparencyLevel="0.5" />
        <FocusedColorBackgroundStyle id="220" color="255,255,204" useTransparency="false" transparencyLevel="0.5" />
        <Border id="221" top="20" bottom="20" left="20" right="20" />
        <CircleShape idref="57" />
        <ShadowStyle id="222" drawShadow="true" shadowDarkness="150" shadowDepth="2" shadowBlur="4" />
        <TextStyle id="223" font="Lucida Sans,0,11" color="0,0,0" orientation="0" isBackgroundColored="false" backgroundColor="255,255,255" />
      </ArtifactToShapeGraphicalRepresentation>
      <AddressedDiagramModelSlot idref="9" />
      <GRSpec id="224" featureName="label" value="specialization.specialization.name" readOnly="false" />
    </ContainedConnectorPatternRole>
    <ContainedEditionPatternInstancePatternRole id="225" editionPatternTypeURI="http://ArchimateVP/ArchimateVirtualModel#Specialization" name="specialization" patternRole="specialization">
      <AddressedVirtualModelModelSlot idref="72" />
    </ContainedEditionPatternInstancePatternRole>
    <PrimaryRepresentationConnectorPatternRole idref="197" />
    <Inspector id="226" inspectorTitle="SpecialisationGR" />
  </EditionPattern>
  <EditionPattern id="227" name="RealizationGR">
    <DeletionScheme id="228" name="deletion" label="deletion" skipConfirmationPanel="false" definePopupDefaultSize="false" width="800" height="600">
      <DeleteAction id="229" object="connector" />
    </DeletionScheme>
    <LinkScheme id="230" fromTarget="http://ArchimateVP/PrincipleViewpointDiagram#PrincipleGR" toTarget="http://ArchimateVP/PrincipleViewpointDiagram#GoalGR" isAvailableWithFloatingPalette="true" northDirectionSupported="true" eastDirectionSupported="true" southDirectionSupported="true" westDirectionSupported="true" name="linkFromPrincipleGRToGoalGR" label="RealizationGR" skipConfirmationPanel="false" definePopupDefaultSize="false" width="800" height="600">
      <TextFieldParameter id="231" name="name" label="name" usePaletteLabelAsDefaultValue="false" isRequired="false" />
      <TextAreaParameter id="232" name="documentation" label="documentation" usePaletteLabelAsDefaultValue="false" isRequired="false" />
      <AddConnector id="233" fromShape="fromTarget.shape" toShape="toTarget.shape" assignation="connector">
        <AddressedDiagramModelSlot idref="9" />
      </AddConnector>
      <AddEditionPatternInstance id="234" virtualModelInstance="diagram.archimateVirtualModel" creationSchemeURI="http://ArchimateVP/ArchimateVirtualModel#Realization.creationFromPrincipleToGoal" assignation="realization">
        <AddEditionPatternInstanceParameter id="235" paramName="source" value="fromTarget.principle" />
        <AddEditionPatternInstanceParameter id="236" paramName="target" value="toTarget.goal" />
        <AddEditionPatternInstanceParameter id="237" paramName="name" value="parameters.name" />
        <AddEditionPatternInstanceParameter id="238" paramName="documentation" value="parameters.documentation" />
      </AddEditionPatternInstance>
    </LinkScheme>
    <ContainedConnectorPatternRole id="239" patternRole="connector" name="connector" exampleLabel="label">
      <ConnectorGraphicalRepresentation id="240" className="org.openflexo.vpm.view.widget.EditionPatternPreviewConnectorGR" hasSelectedForeground="false" hasFocusedForeground="false" startSymbol="NONE" endSymbol="PLAIN_ARROW" middleSymbol="NONE" startSymbolSize="10.0" endSymbolSize="25.0" middleSymbolSize="10.0" relativeMiddleSymbolLocation="0.5" applyForegroundToSymbols="true" identifier="object_2" layer="64" hasText="true" isMultilineAllowed="true" continuousTextEditing="true" absoluteTextX="0.0" absoluteTextY="0.0" paragraphAlignment="CENTER" horizontalTextAlignment="CENTER" verticalTextAlignment="MIDDLE" isSelectable="true" isFocusable="true" drawControlPointsWhenFocused="true" drawControlPointsWhenSelected="true" isReadOnly="false" isLabelEditable="true" isVisible="true">
        <ForegroundStyle id="241" noStroke="false" color="0,0,0" lineWidth="1.500000001490116" joinStyle="JOIN_MITER" capStyle="CAP_SQUARE" dashStyle="MEDIUM_DASHES" useTransparency="false" transparencyLevel="0.5" />
        <SelectedForegroundStyle id="242" noStroke="false" color="0,0,0" lineWidth="1.0" joinStyle="JOIN_MITER" capStyle="CAP_SQUARE" dashStyle="PLAIN_STROKE" useTransparency="false" transparencyLevel="0.5" />
        <FocusedForegroundStyle id="243" noStroke="false" color="0,0,0" lineWidth="1.0" joinStyle="JOIN_MITER" capStyle="CAP_SQUARE" dashStyle="PLAIN_STROKE" useTransparency="false" transparencyLevel="0.5" />
        <LineConnector id="244" lineConnectorType="MINIMAL_LENGTH" />
        <TextStyle id="245" font="Lucida Sans,0,11" color="0,0,0" orientation="0" isBackgroundColored="false" backgroundColor="255,255,255" />
      </ConnectorGraphicalRepresentation>
      <ArtifactFromShapeGraphicalRepresentation id="246" className="org.openflexo.vpm.view.widget.EditionPatternConnectorFromArtefactGR" x="80.0" y="80.0" width="20.0" height="20.0" minimalWidth="0.0" minimalHeight="0.0" maximalWidth="Infinity" maximalHeight="Infinity" relativeTextX="0.5" relativeTextY="0.5" lineWrap="true" locationConstraints="FREELY_MOVABLE" dimensionConstraints="CONSTRAINED_DIMENSIONS" adjustMinimalWidthToLabelWidth="true" adjustMinimalHeightToLabelHeight="true" adjustMaximalWidthToLabelWidth="false" adjustMaximalHeightToLabelHeight="false" hasSelectedForeground="false" hasSelectedBackground="false" hasFocusedForeground="false" hasFocusedBackground="false" isFloatingLabel="true" allowToLeaveBounds="true" identifier="object_0" layer="1" hasText="true" isMultilineAllowed="true" continuousTextEditing="true" absoluteTextX="0.0" absoluteTextY="0.0" paragraphAlignment="CENTER" horizontalTextAlignment="CENTER" verticalTextAlignment="MIDDLE" isSelectable="false" isFocusable="true" drawControlPointsWhenFocused="true" drawControlPointsWhenSelected="true" isReadOnly="false" isLabelEditable="true" isVisible="true">
        <ForegroundStyle id="247" noStroke="false" color="255,204,0" lineWidth="1.0" joinStyle="JOIN_MITER" capStyle="CAP_SQUARE" dashStyle="PLAIN_STROKE" useTransparency="false" transparencyLevel="0.5" />
        <ColorBackgroundStyle id="248" color="255,255,204" useTransparency="false" transparencyLevel="0.5" />
        <SelectedForegroundStyle id="249" noStroke="false" color="255,204,0" lineWidth="1.0" joinStyle="JOIN_MITER" capStyle="CAP_SQUARE" dashStyle="PLAIN_STROKE" useTransparency="false" transparencyLevel="0.5" />
        <SelectedColorBackgroundStyle id="250" color="255,255,204" useTransparency="false" transparencyLevel="0.5" />
        <FocusedForegroundStyle id="251" noStroke="false" color="255,204,0" lineWidth="1.0" joinStyle="JOIN_MITER" capStyle="CAP_SQUARE" dashStyle="PLAIN_STROKE" useTransparency="false" transparencyLevel="0.5" />
        <FocusedColorBackgroundStyle id="252" color="255,255,204" useTransparency="false" transparencyLevel="0.5" />
        <Border id="253" top="20" bottom="20" left="20" right="20" />
        <CircleShape idref="57" />
        <ShadowStyle id="254" drawShadow="true" shadowDarkness="150" shadowDepth="2" shadowBlur="4" />
        <TextStyle id="255" font="Lucida Sans,0,11" color="0,0,0" orientation="0" isBackgroundColored="false" backgroundColor="255,255,255" />
      </ArtifactFromShapeGraphicalRepresentation>
      <ArtifactToShapeGraphicalRepresentation id="256" className="org.openflexo.vpm.view.widget.EditionPatternConnectorToArtefactGR" x="350.0" y="80.0" width="20.0" height="20.0" minimalWidth="0.0" minimalHeight="0.0" maximalWidth="Infinity" maximalHeight="Infinity" relativeTextX="0.5" relativeTextY="0.5" lineWrap="true" locationConstraints="FREELY_MOVABLE" dimensionConstraints="CONSTRAINED_DIMENSIONS" adjustMinimalWidthToLabelWidth="true" adjustMinimalHeightToLabelHeight="true" adjustMaximalWidthToLabelWidth="false" adjustMaximalHeightToLabelHeight="false" hasSelectedForeground="false" hasSelectedBackground="false" hasFocusedForeground="false" hasFocusedBackground="false" isFloatingLabel="true" allowToLeaveBounds="true" identifier="object_1" layer="1" hasText="true" isMultilineAllowed="true" continuousTextEditing="true" absoluteTextX="0.0" absoluteTextY="0.0" paragraphAlignment="CENTER" horizontalTextAlignment="CENTER" verticalTextAlignment="MIDDLE" isSelectable="false" isFocusable="true" drawControlPointsWhenFocused="true" drawControlPointsWhenSelected="true" isReadOnly="false" isLabelEditable="true" isVisible="true">
        <ForegroundStyle id="257" noStroke="false" color="255,204,0" lineWidth="1.0" joinStyle="JOIN_MITER" capStyle="CAP_SQUARE" dashStyle="PLAIN_STROKE" useTransparency="false" transparencyLevel="0.5" />
        <ColorBackgroundStyle id="258" color="255,255,204" useTransparency="false" transparencyLevel="0.5" />
        <SelectedForegroundStyle id="259" noStroke="false" color="255,204,0" lineWidth="1.0" joinStyle="JOIN_MITER" capStyle="CAP_SQUARE" dashStyle="PLAIN_STROKE" useTransparency="false" transparencyLevel="0.5" />
        <SelectedColorBackgroundStyle id="260" color="255,255,204" useTransparency="false" transparencyLevel="0.5" />
        <FocusedForegroundStyle id="261" noStroke="false" color="255,204,0" lineWidth="1.0" joinStyle="JOIN_MITER" capStyle="CAP_SQUARE" dashStyle="PLAIN_STROKE" useTransparency="false" transparencyLevel="0.5" />
        <FocusedColorBackgroundStyle id="262" color="255,255,204" useTransparency="false" transparencyLevel="0.5" />
        <Border id="263" top="20" bottom="20" left="20" right="20" />
        <CircleShape idref="57" />
        <ShadowStyle id="264" drawShadow="true" shadowDarkness="150" shadowDepth="2" shadowBlur="4" />
        <TextStyle id="265" font="Lucida Sans,0,11" color="0,0,0" orientation="0" isBackgroundColored="false" backgroundColor="255,255,255" />
      </ArtifactToShapeGraphicalRepresentation>
      <AddressedDiagramModelSlot id="266" isRequired="true" isReadOnly="false" />
      <GRSpec id="267" featureName="label" value="realization.realization.name" readOnly="false" />
    </ContainedConnectorPatternRole>
    <ContainedEditionPatternInstancePatternRole id="268" editionPatternTypeURI="http://ArchimateVP/ArchimateVirtualModel#Realization" name="realization" patternRole="realization">
      <AddressedVirtualModelModelSlot idref="72" />
    </ContainedEditionPatternInstancePatternRole>
    <PrimaryRepresentationConnectorPatternRole idref="239" />
    <Inspector id="269" inspectorTitle="RealizationGR" />
  </EditionPattern>
  <EditionPattern id="270" name="ArchimateElementGR">
    <Inspector id="271" inspectorTitle="ArchimateElementGR" />
  </EditionPattern>
  <EditionPattern id="272" name="GoalGR" parentEditionPattern="http://ArchimateVP/PrincipleViewpointDiagram#ArchimateElementGR">
    <DropScheme id="273" target="top" name="dropGoalGRAtTopLevel" label="dropGoalGRAtTopLevel" skipConfirmationPanel="false" definePopupDefaultSize="false" width="800" height="600">
      <TextFieldParameter id="274" name="name" label="name" usePaletteLabelAsDefaultValue="false" isRequired="false" />
      <TextAreaParameter id="275" name="documentation" label="documentation" usePaletteLabelAsDefaultValue="false" isRequired="false" />
      <AddShape id="276" container="topLevel" extendParentBoundsToHostThisShape="false" assignation="shape">
        <AddressedDiagramModelSlot idref="9" />
      </AddShape>
      <AddShape id="277" container="shape" extendParentBoundsToHostThisShape="false" assignation="shape2">
        <AddressedDiagramModelSlot idref="9" />
      </AddShape>
      <AddEditionPatternInstance id="278" virtualModelInstance="diagram.archimateVirtualModel" creationSchemeURI="http://ArchimateVP/ArchimateVirtualModel#Goal.creation" assignation="goal">
        <AddEditionPatternInstanceParameter id="279" paramName="name" value="parameters.name" />
        <AddEditionPatternInstanceParameter id="280" paramName="documentation" value="parameters.documentation" />
      </AddEditionPatternInstance>
    </DropScheme>
    <DeletionScheme id="281" name="deleteFromView" label="deleteFromView" skipConfirmationPanel="false" definePopupDefaultSize="false" width="800" height="600">
      <DeleteAction id="282" object="shape2" />
      <DeleteAction id="283" object="shape" />
    </DeletionScheme>
    <DeletionScheme id="284" name="deleteFromModel" label="deleteFromModel" skipConfirmationPanel="false" definePopupDefaultSize="false" width="800" height="600">
      <DeleteAction id="285" object="shape2" />
      <DeleteAction id="286" object="shape" />
      <DeleteAction id="287" object="goal" />
    </DeletionScheme>
    <DropScheme id="288" target="top" name="drop" label="Select Existing goal" skipConfirmationPanel="false" definePopupDefaultSize="false" width="800" height="600">
      <EditionPatternInstanceParameter id="289" editionPatternTypeURI="http://ArchimateVP/ArchimateVirtualModel#Goal" name="editionPatternInstance" label="editionPatternInstance" usePaletteLabelAsDefaultValue="false" isRequired="false">
        <AddressedVirtualModelModelSlot idref="72" />
      </EditionPatternInstanceParameter>
      <AddShape id="290" container="topLevel" extendParentBoundsToHostThisShape="false" assignation="shape">
        <AddressedDiagramModelSlot idref="9" />
      </AddShape>
      <AddShape id="291" container="shape" extendParentBoundsToHostThisShape="false" assignation="shape2">
        <AddressedDiagramModelSlot idref="9" />
      </AddShape>
      <DeclarePatternRole id="292" object="parameters.editionPatternInstance" assignation="goal" />
    </DropScheme>
    <DropScheme id="293" target="http://ArchimateVP/PrincipleViewpointDiagram#GoalGR" name="dropGoalGRToGoalGRCompositionGR" label="Composition" skipConfirmationPanel="false" definePopupDefaultSize="false" width="800" height="600">
      <TextFieldParameter id="294" name="name" label="name" usePaletteLabelAsDefaultValue="false" isRequired="false" />
      <TextAreaParameter id="295" name="documentation" label="documentation" usePaletteLabelAsDefaultValue="false" isRequired="false" />
      <AddShape id="296" container="target.shape" extendParentBoundsToHostThisShape="false" assignation="shape">
        <AddressedDiagramModelSlot idref="9" />
      </AddShape>
      <AddShape id="297" container="shape" extendParentBoundsToHostThisShape="false" assignation="shape2">
        <AddressedDiagramModelSlot idref="9" />
      </AddShape>
      <AddEditionPatternInstance id="298" virtualModelInstance="diagram.archimateVirtualModel" creationSchemeURI="http://ArchimateVP/ArchimateVirtualModel#Goal.creation" assignation="goal">
        <AddEditionPatternInstanceParameter id="299" paramName="name" value="parameters.name" />
        <AddEditionPatternInstanceParameter id="300" paramName="documentation" value="parameters.documentation" />
      </AddEditionPatternInstance>
      <AddEditionPatternInstance id="301" virtualModelInstance="diagram.archimateVirtualModel" creationSchemeURI="http://ArchimateVP/ArchimateVirtualModel#Composition.creationFromGoalToGoal">
        <AddEditionPatternInstanceParameter id="302" paramName="source" value="goal" />
        <AddEditionPatternInstanceParameter id="303" paramName="target" value="target.goal" />
        <AddEditionPatternInstanceParameter id="304" paramName="name" value="parameters.name" />
        <AddEditionPatternInstanceParameter id="305" paramName="documentation" value="parameters.documentation" />
      </AddEditionPatternInstance>
    </DropScheme>
    <DropScheme id="306" target="http://ArchimateVP/PrincipleViewpointDiagram#GoalGR" name="dropGoalGRToGoalGRAggregationGR" label="Aggregation" skipConfirmationPanel="false" definePopupDefaultSize="false" width="800" height="600">
      <TextFieldParameter id="307" name="name" label="name" usePaletteLabelAsDefaultValue="false" isRequired="false" />
      <TextAreaParameter id="308" name="documentation" label="documentation" usePaletteLabelAsDefaultValue="false" isRequired="false" />
      <AddShape id="309" container="target.shape" extendParentBoundsToHostThisShape="false" assignation="shape">
        <AddressedDiagramModelSlot idref="9" />
      </AddShape>
      <AddShape id="310" container="shape" extendParentBoundsToHostThisShape="false" assignation="shape2">
        <AddressedDiagramModelSlot idref="9" />
      </AddShape>
      <AddEditionPatternInstance id="311" virtualModelInstance="diagram.archimateVirtualModel" creationSchemeURI="http://ArchimateVP/ArchimateVirtualModel#Goal.creation" assignation="goal">
        <AddEditionPatternInstanceParameter id="312" paramName="name" value="parameters.name" />
        <AddEditionPatternInstanceParameter id="313" paramName="documentation" value="parameters.documentation" />
      </AddEditionPatternInstance>
      <AddEditionPatternInstance id="314" virtualModelInstance="diagram.archimateVirtualModel" creationSchemeURI="http://ArchimateVP/ArchimateVirtualModel#Aggregation.creationFromGoalToGoal">
        <AddEditionPatternInstanceParameter id="315" paramName="source" value="goal" />
        <AddEditionPatternInstanceParameter id="316" paramName="target" value="target.goal" />
        <AddEditionPatternInstanceParameter id="317" paramName="name" value="parameters.name" />
        <AddEditionPatternInstanceParameter id="318" paramName="documentation" value="parameters.documentation" />
      </AddEditionPatternInstance>
    </DropScheme>
    <ContainedEditionPatternInstancePatternRole id="319" editionPatternTypeURI="http://ArchimateVP/ArchimateVirtualModel#Goal" name="goal" patternRole="goal">
      <AddressedVirtualModelModelSlot idref="72" />
    </ContainedEditionPatternInstancePatternRole>
    <ContainedShapePatternRole id="320" patternRole="shape" name="shape" exampleLabel="Goal">
      <ShapeGraphicalRepresentation id="321" className="org.openflexo.vpm.view.widget.EditionPatternPreviewShapeGR" x="275.0" y="80.0" width="125.0" height="50.0" minimalWidth="0.0" minimalHeight="0.0" maximalWidth="Infinity" maximalHeight="Infinity" relativeTextX="0.5" relativeTextY="0.5" lineWrap="true" locationConstraints="FREELY_MOVABLE" dimensionConstraints="FREELY_RESIZABLE" adjustMinimalWidthToLabelWidth="true" adjustMinimalHeightToLabelHeight="true" adjustMaximalWidthToLabelWidth="false" adjustMaximalHeightToLabelHeight="false" hasSelectedForeground="false" hasSelectedBackground="false" hasFocusedForeground="false" hasFocusedBackground="false" isFloatingLabel="false" allowToLeaveBounds="false" identifier="object_0" layer="1" hasText="true" text="Goal" isMultilineAllowed="true" continuousTextEditing="true" absoluteTextX="0.0" absoluteTextY="0.0" paragraphAlignment="CENTER" horizontalTextAlignment="CENTER" verticalTextAlignment="MIDDLE" isSelectable="true" isFocusable="true" drawControlPointsWhenFocused="true" drawControlPointsWhenSelected="true" isReadOnly="false" isLabelEditable="true" isVisible="true">
        <ForegroundStyle id="322" noStroke="false" color="0,0,0" lineWidth="1.500000001490116" joinStyle="JOIN_MITER" capStyle="CAP_SQUARE" dashStyle="PLAIN_STROKE" useTransparency="false" transparencyLevel="0.5" />
        <ColorGradientBackgroundStyle id="323" color1="153,153,255" color2="255,255,255" direction="NORTH_SOUTH" useTransparency="false" transparencyLevel="0.5" />
        <SelectedForegroundStyle id="324" noStroke="false" color="0,0,0" lineWidth="1.0" joinStyle="JOIN_MITER" capStyle="CAP_SQUARE" dashStyle="PLAIN_STROKE" useTransparency="false" transparencyLevel="0.5" />
        <SelectedColorBackgroundStyle id="325" color="254,247,217" useTransparency="false" transparencyLevel="0.5" />
        <FocusedForegroundStyle id="326" noStroke="false" color="0,0,0" lineWidth="1.0" joinStyle="JOIN_MITER" capStyle="CAP_SQUARE" dashStyle="PLAIN_STROKE" useTransparency="false" transparencyLevel="0.5" />
        <FocusedColorBackgroundStyle id="327" color="254,247,217" useTransparency="false" transparencyLevel="0.5" />
        <Border id="328" top="20" bottom="20" left="20" right="20" />
        <CustomPolygon id="329" className="org.openflexo.fge.shapes.RectangularOctogon">
          <FGEPoint id="330" x="0.0" y="0.2" />
          <FGEPoint id="331" x="0.0" y="0.8" />
          <FGEPoint id="332" x="0.1" y="1.0" />
          <FGEPoint id="333" x="0.9" y="1.0" />
          <FGEPoint id="334" x="1.0" y="0.8" />
          <FGEPoint id="335" x="1.0" y="0.2" />
          <FGEPoint id="336" x="0.9" y="0.0" />
          <FGEPoint id="337" x="0.1" y="0.0" />
        </CustomPolygon>
        <ShadowStyle id="338" drawShadow="true" shadowDarkness="150" shadowDepth="2" shadowBlur="4" />
        <TextStyle id="339" font="Lucida Sans,0,11" color="0,0,0" orientation="0" isBackgroundColored="false" backgroundColor="255,255,255" />
      </ShapeGraphicalRepresentation>
      <AddressedDiagramModelSlot idref="9" />
      <GRSpec id="340" featureName="label" value="goal.goal.name" readOnly="true" />
    </ContainedShapePatternRole>
    <ContainedShapePatternRole id="341" patternRole="shape2" name="shape2" exampleLabel="">
      <ShapeGraphicalRepresentation id="342" className="org.openflexo.vpm.view.widget.EditionPatternPreviewShapeGR" x="91.0" y="4.0" width="25.0" height="25.0" minimalWidth="0.0" minimalHeight="0.0" maximalWidth="Infinity" maximalHeight="Infinity" relativeTextX="0.5" relativeTextY="0.5" lineWrap="true" locationConstraints="UNMOVABLE" dimensionConstraints="UNRESIZABLE" adjustMinimalWidthToLabelWidth="true" adjustMinimalHeightToLabelHeight="true" adjustMaximalWidthToLabelWidth="false" adjustMaximalHeightToLabelHeight="false" hasSelectedForeground="false" hasSelectedBackground="false" hasFocusedForeground="false" hasFocusedBackground="false" isFloatingLabel="false" allowToLeaveBounds="false" identifier="object_0_0" layer="2" hasText="true" isMultilineAllowed="true" continuousTextEditing="true" absoluteTextX="0.0" absoluteTextY="0.0" paragraphAlignment="CENTER" horizontalTextAlignment="CENTER" verticalTextAlignment="MIDDLE" isSelectable="true" isFocusable="true" drawControlPointsWhenFocused="true" drawControlPointsWhenSelected="true" isReadOnly="false" isLabelEditable="true" isVisible="true">
        <ForegroundStyle id="343" noStroke="true" color="0,0,0" lineWidth="1.0" joinStyle="JOIN_MITER" capStyle="CAP_SQUARE" dashStyle="PLAIN_STROKE" useTransparency="false" transparencyLevel="0.5" />
        <ImageBackgroundStyle id="344" imageFile="../Images/extension_goal.png" scaleX="1.0416666666666667" scaleY="1.0869565217391304" deltaX="0.0" deltaY="0.0" imageBackgroundType="TRANSPARENT" imageBackgroundColor="255,255,255" fitToShape="true" useTransparency="false" transparencyLevel="0.5" />
        <SelectedForegroundStyle id="345" noStroke="false" color="0,0,0" lineWidth="1.0" joinStyle="JOIN_MITER" capStyle="CAP_SQUARE" dashStyle="PLAIN_STROKE" useTransparency="false" transparencyLevel="0.5" />
        <SelectedColorBackgroundStyle id="346" color="254,247,217" useTransparency="false" transparencyLevel="0.5" />
        <FocusedForegroundStyle id="347" noStroke="false" color="0,0,0" lineWidth="1.0" joinStyle="JOIN_MITER" capStyle="CAP_SQUARE" dashStyle="PLAIN_STROKE" useTransparency="false" transparencyLevel="0.5" />
        <FocusedColorBackgroundStyle id="348" color="254,247,217" useTransparency="false" transparencyLevel="0.5" />
        <Border id="349" top="20" bottom="20" left="20" right="20" />
        <RectangleShape id="350" isRounded="false" arcSize="30.0" />
        <ShadowStyle id="351" drawShadow="false" shadowDarkness="150" shadowDepth="2" shadowBlur="4" />
        <TextStyle id="352" font="Lucida Sans,0,11" color="0,0,0" orientation="0" isBackgroundColored="false" backgroundColor="255,255,255" />
      </ShapeGraphicalRepresentation>
      <ParentShapePatternRole idref="320" />
      <AddressedDiagramModelSlot idref="9" />
    </ContainedShapePatternRole>
    <PrimaryRepresentationShapePatternRole idref="320" />
    <Inspector id="353" inspectorTitle="GoalGR" />
  </EditionPattern>
  <EditionPattern id="354" name="PrincipleGR" parentEditionPattern="http://ArchimateVP/PrincipleViewpointDiagram#ArchimateElementGR">
    <DropScheme id="355" target="top" name="dropPrincipleGRAtTopLevel" label="dropPrincipleGRAtTopLevel" skipConfirmationPanel="false" definePopupDefaultSize="false" width="800" height="600">
      <TextFieldParameter id="356" name="name" label="name" usePaletteLabelAsDefaultValue="false" isRequired="false" />
      <TextAreaParameter id="357" name="documentation" label="documentation" usePaletteLabelAsDefaultValue="false" isRequired="false" />
      <AddShape id="358" container="topLevel" extendParentBoundsToHostThisShape="false" assignation="shape">
        <AddressedDiagramModelSlot idref="9" />
      </AddShape>
      <AddShape id="359" container="shape" extendParentBoundsToHostThisShape="false" assignation="shape2">
        <AddressedDiagramModelSlot idref="9" />
      </AddShape>
      <AddEditionPatternInstance id="360" virtualModelInstance="diagram.archimateVirtualModel" creationSchemeURI="http://ArchimateVP/ArchimateVirtualModel#Principle.creation" assignation="principle">
        <AddEditionPatternInstanceParameter id="361" paramName="name" value="parameters.name" />
        <AddEditionPatternInstanceParameter id="362" paramName="documentation" value="parameters.documentation" />
      </AddEditionPatternInstance>
    </DropScheme>
    <DeletionScheme id="363" name="deleteFromView" label="deleteFromView" skipConfirmationPanel="false" definePopupDefaultSize="false" width="800" height="600">
      <DeleteAction id="364" object="shape2" />
      <DeleteAction id="365" object="shape" />
    </DeletionScheme>
    <DeletionScheme id="366" name="deleteFromModel" label="deleteFromModel" skipConfirmationPanel="false" definePopupDefaultSize="false" width="800" height="600">
      <DeleteAction id="367" object="shape2" />
      <DeleteAction id="368" object="shape" />
      <DeleteAction id="369" object="principle" />
    </DeletionScheme>
    <DropScheme id="370" target="top" name="drop" label="Select Existing principle" skipConfirmationPanel="false" definePopupDefaultSize="false" width="800" height="600">
      <EditionPatternInstanceParameter id="371" editionPatternTypeURI="http://ArchimateVP/ArchimateVirtualModel#Principle" name="editionPatternInstance" label="editionPatternInstance" usePaletteLabelAsDefaultValue="false" isRequired="false">
        <AddressedVirtualModelModelSlot idref="72" />
      </EditionPatternInstanceParameter>
      <AddShape id="372" container="topLevel" extendParentBoundsToHostThisShape="false" assignation="shape">
        <AddressedDiagramModelSlot idref="9" />
      </AddShape>
      <AddShape id="373" container="shape" extendParentBoundsToHostThisShape="false" assignation="shape2">
        <AddressedDiagramModelSlot idref="9" />
      </AddShape>
      <DeclarePatternRole id="374" object="parameters.editionPatternInstance" assignation="principle" />
    </DropScheme>
    <DropScheme id="375" target="http://ArchimateVP/PrincipleViewpointDiagram#PrincipleGR" name="dropPrincipleGRToPrincipleGRCompositionGR" label="Composition" skipConfirmationPanel="false" definePopupDefaultSize="false" width="800" height="600">
      <TextFieldParameter id="376" name="name" label="name" usePaletteLabelAsDefaultValue="false" isRequired="false" />
      <TextAreaParameter id="377" name="documentation" label="documentation" usePaletteLabelAsDefaultValue="false" isRequired="false" />
      <AddShape id="378" container="target.shape" extendParentBoundsToHostThisShape="false" assignation="shape">
        <AddressedDiagramModelSlot idref="9" />
      </AddShape>
      <AddShape id="379" container="shape" extendParentBoundsToHostThisShape="false" assignation="shape2">
        <AddressedDiagramModelSlot idref="9" />
      </AddShape>
      <AddEditionPatternInstance id="380" virtualModelInstance="diagram.archimateVirtualModel" creationSchemeURI="http://ArchimateVP/ArchimateVirtualModel#Principle.creation" assignation="principle">
        <AddEditionPatternInstanceParameter id="381" paramName="name" value="parameters.name" />
        <AddEditionPatternInstanceParameter id="382" paramName="documentation" value="parameters.documentation" />
      </AddEditionPatternInstance>
      <AddEditionPatternInstance id="383" virtualModelInstance="diagram.archimateVirtualModel" creationSchemeURI="http://ArchimateVP/ArchimateVirtualModel#Composition.creationFromPrincipleToPrinciple">
        <AddEditionPatternInstanceParameter id="384" paramName="source" value="principle" />
        <AddEditionPatternInstanceParameter id="385" paramName="target" value="target.principle" />
        <AddEditionPatternInstanceParameter id="386" paramName="name" value="parameters.name" />
        <AddEditionPatternInstanceParameter id="387" paramName="documentation" value="parameters.documentation" />
      </AddEditionPatternInstance>
    </DropScheme>
    <DropScheme id="388" target="http://ArchimateVP/PrincipleViewpointDiagram#PrincipleGR" name="dropPrincipleGRToPrincipleGRAggregationGR" label="Aggregation" skipConfirmationPanel="false" definePopupDefaultSize="false" width="800" height="600">
      <TextFieldParameter id="389" name="name" label="name" usePaletteLabelAsDefaultValue="false" isRequired="false" />
      <TextAreaParameter id="390" name="documentation" label="documentation" usePaletteLabelAsDefaultValue="false" isRequired="false" />
      <AddShape id="391" container="target.shape" extendParentBoundsToHostThisShape="false" assignation="shape">
        <AddressedDiagramModelSlot idref="9" />
      </AddShape>
      <AddShape id="392" container="shape" extendParentBoundsToHostThisShape="false" assignation="shape2">
        <AddressedDiagramModelSlot idref="9" />
      </AddShape>
      <AddEditionPatternInstance id="393" virtualModelInstance="diagram.archimateVirtualModel" creationSchemeURI="http://ArchimateVP/ArchimateVirtualModel#Principle.creation" assignation="principle">
        <AddEditionPatternInstanceParameter id="394" paramName="name" value="parameters.name" />
        <AddEditionPatternInstanceParameter id="395" paramName="documentation" value="parameters.documentation" />
      </AddEditionPatternInstance>
      <AddEditionPatternInstance id="396" virtualModelInstance="diagram.archimateVirtualModel" creationSchemeURI="http://ArchimateVP/ArchimateVirtualModel#Aggregation.creationFromPrincipleToPrinciple">
        <AddEditionPatternInstanceParameter id="397" paramName="source" value="principle" />
        <AddEditionPatternInstanceParameter id="398" paramName="target" value="target.principle" />
        <AddEditionPatternInstanceParameter id="399" paramName="name" value="parameters.name" />
        <AddEditionPatternInstanceParameter id="400" paramName="documentation" value="parameters.documentation" />
      </AddEditionPatternInstance>
    </DropScheme>
    <ContainedEditionPatternInstancePatternRole id="401" editionPatternTypeURI="http://ArchimateVP/ArchimateVirtualModel#Principle" name="principle" patternRole="principle">
      <AddressedVirtualModelModelSlot idref="72" />
    </ContainedEditionPatternInstancePatternRole>
    <ContainedShapePatternRole id="402" patternRole="shape" name="shape" exampleLabel="Principle">
      <ShapeGraphicalRepresentation id="403" className="org.openflexo.vpm.view.widget.EditionPatternPreviewShapeGR" x="275.0" y="80.0" width="125.0" height="50.0" minimalWidth="0.0" minimalHeight="0.0" maximalWidth="Infinity" maximalHeight="Infinity" relativeTextX="0.5" relativeTextY="0.5" lineWrap="true" locationConstraints="FREELY_MOVABLE" dimensionConstraints="FREELY_RESIZABLE" adjustMinimalWidthToLabelWidth="true" adjustMinimalHeightToLabelHeight="true" adjustMaximalWidthToLabelWidth="false" adjustMaximalHeightToLabelHeight="false" hasSelectedForeground="false" hasSelectedBackground="false" hasFocusedForeground="false" hasFocusedBackground="false" isFloatingLabel="false" allowToLeaveBounds="false" identifier="object_0" layer="1" hasText="true" text="Principle" isMultilineAllowed="true" continuousTextEditing="true" absoluteTextX="0.0" absoluteTextY="0.0" paragraphAlignment="CENTER" horizontalTextAlignment="CENTER" verticalTextAlignment="MIDDLE" isSelectable="true" isFocusable="true" drawControlPointsWhenFocused="true" drawControlPointsWhenSelected="true" isReadOnly="false" isLabelEditable="true" isVisible="true">
        <ForegroundStyle id="404" noStroke="false" color="0,0,0" lineWidth="1.500000001490116" joinStyle="JOIN_MITER" capStyle="CAP_SQUARE" dashStyle="PLAIN_STROKE" useTransparency="false" transparencyLevel="0.5" />
        <ColorGradientBackgroundStyle id="405" color1="153,153,255" color2="255,255,255" direction="NORTH_SOUTH" useTransparency="false" transparencyLevel="0.5" />
        <SelectedForegroundStyle id="406" noStroke="false" color="0,0,0" lineWidth="1.0" joinStyle="JOIN_MITER" capStyle="CAP_SQUARE" dashStyle="PLAIN_STROKE" useTransparency="false" transparencyLevel="0.5" />
        <SelectedColorBackgroundStyle id="407" color="254,247,217" useTransparency="false" transparencyLevel="0.5" />
        <FocusedForegroundStyle id="408" noStroke="false" color="0,0,0" lineWidth="1.0" joinStyle="JOIN_MITER" capStyle="CAP_SQUARE" dashStyle="PLAIN_STROKE" useTransparency="false" transparencyLevel="0.5" />
        <FocusedColorBackgroundStyle id="409" color="254,247,217" useTransparency="false" transparencyLevel="0.5" />
        <Border id="410" top="20" bottom="20" left="20" right="20" />
        <CustomPolygon idref="329" />
        <ShadowStyle id="411" drawShadow="true" shadowDarkness="150" shadowDepth="2" shadowBlur="4" />
        <TextStyle id="412" font="Lucida Sans,0,11" color="0,0,0" orientation="0" isBackgroundColored="false" backgroundColor="255,255,255" />
      </ShapeGraphicalRepresentation>
      <AddressedDiagramModelSlot idref="9" />
      <GRSpec id="413" featureName="label" value="principle.principle.name" readOnly="true" />
    </ContainedShapePatternRole>
    <ContainedShapePatternRole id="414" patternRole="shape2" name="shape2" exampleLabel="">
      <ShapeGraphicalRepresentation id="415" className="org.openflexo.vpm.view.widget.EditionPatternPreviewShapeGR" x="89.0" y="3.0" width="25.0" height="25.0" minimalWidth="0.0" minimalHeight="0.0" maximalWidth="Infinity" maximalHeight="Infinity" relativeTextX="0.5" relativeTextY="0.5" lineWrap="true" locationConstraints="UNMOVABLE" dimensionConstraints="UNRESIZABLE" adjustMinimalWidthToLabelWidth="true" adjustMinimalHeightToLabelHeight="true" adjustMaximalWidthToLabelWidth="false" adjustMaximalHeightToLabelHeight="false" hasSelectedForeground="false" hasSelectedBackground="false" hasFocusedForeground="false" hasFocusedBackground="false" isFloatingLabel="false" allowToLeaveBounds="false" identifier="object_0_0" layer="2" hasText="true" isMultilineAllowed="true" continuousTextEditing="true" absoluteTextX="0.0" absoluteTextY="0.0" paragraphAlignment="CENTER" horizontalTextAlignment="CENTER" verticalTextAlignment="MIDDLE" isSelectable="true" isFocusable="true" drawControlPointsWhenFocused="true" drawControlPointsWhenSelected="true" isReadOnly="false" isLabelEditable="true" isVisible="true">
        <ForegroundStyle id="416" noStroke="true" color="0,0,0" lineWidth="1.0" joinStyle="JOIN_MITER" capStyle="CAP_SQUARE" dashStyle="PLAIN_STROKE" useTransparency="false" transparencyLevel="0.5" />
        <ImageBackgroundStyle id="417" imageFile="../Images/extension_principle.png" scaleX="1.0416666666666667" scaleY="1.0869565217391304" deltaX="0.0" deltaY="0.0" imageBackgroundType="TRANSPARENT" imageBackgroundColor="255,255,255" fitToShape="true" useTransparency="false" transparencyLevel="0.5" />
        <SelectedForegroundStyle id="418" noStroke="false" color="0,0,0" lineWidth="1.0" joinStyle="JOIN_MITER" capStyle="CAP_SQUARE" dashStyle="PLAIN_STROKE" useTransparency="false" transparencyLevel="0.5" />
        <SelectedColorBackgroundStyle id="419" color="254,247,217" useTransparency="false" transparencyLevel="0.5" />
        <FocusedForegroundStyle id="420" noStroke="false" color="0,0,0" lineWidth="1.0" joinStyle="JOIN_MITER" capStyle="CAP_SQUARE" dashStyle="PLAIN_STROKE" useTransparency="false" transparencyLevel="0.5" />
        <FocusedColorBackgroundStyle id="421" color="254,247,217" useTransparency="false" transparencyLevel="0.5" />
        <Border id="422" top="20" bottom="20" left="20" right="20" />
        <RectangleShape idref="350" />
        <ShadowStyle id="423" drawShadow="false" shadowDarkness="150" shadowDepth="2" shadowBlur="4" />
        <TextStyle id="424" font="Lucida Sans,0,11" color="0,0,0" orientation="0" isBackgroundColored="false" backgroundColor="255,255,255" />
      </ShapeGraphicalRepresentation>
      <ParentShapePatternRole idref="402" />
      <AddressedDiagramModelSlot idref="9" />
    </ContainedShapePatternRole>
    <PrimaryRepresentationShapePatternRole idref="402" />
    <Inspector id="425" inspectorTitle="PrincipleGR" />
  </EditionPattern>
  <EditionPattern id="426" name="InfluenceGR">
    <DeletionScheme id="427" name="deleteFromView" label="deleteFromView" skipConfirmationPanel="false" definePopupDefaultSize="false" width="800" height="600">
      <DeleteAction id="428" object="connector" />
    </DeletionScheme>
    <LinkScheme id="429" fromTarget="http://ArchimateVP/PrincipleViewpointDiagram#GoalGR" toTarget="http://ArchimateVP/PrincipleViewpointDiagram#GoalGR" isAvailableWithFloatingPalette="true" northDirectionSupported="true" eastDirectionSupported="true" southDirectionSupported="true" westDirectionSupported="true" name="linkFromGoalGRToGoalGR" label="InfluenceGR" skipConfirmationPanel="false" definePopupDefaultSize="false" width="800" height="600">
      <TextFieldParameter id="430" name="name" label="name" usePaletteLabelAsDefaultValue="false" isRequired="false" />
      <TextAreaParameter id="431" name="documentation" label="documentation" usePaletteLabelAsDefaultValue="false" isRequired="false" />
      <AddConnector id="432" fromShape="fromTarget.shape" toShape="toTarget.shape" assignation="connector">
        <AddressedDiagramModelSlot idref="9" />
      </AddConnector>
      <AddEditionPatternInstance id="433" virtualModelInstance="diagram.archimateVirtualModel" creationSchemeURI="http://ArchimateVP/ArchimateVirtualModel#Influence.creationFromGoalToGoal" assignation="influence">
        <AddEditionPatternInstanceParameter id="434" paramName="source" value="fromTarget.goal" />
        <AddEditionPatternInstanceParameter id="435" paramName="target" value="toTarget.goal" />
        <AddEditionPatternInstanceParameter id="436" paramName="name" value="parameters.name" />
        <AddEditionPatternInstanceParameter id="437" paramName="documentation" value="parameters.documentation" />
      </AddEditionPatternInstance>
    </LinkScheme>
    <LinkScheme id="438" fromTarget="http://ArchimateVP/PrincipleViewpointDiagram#GoalGR" toTarget="http://ArchimateVP/PrincipleViewpointDiagram#PrincipleGR" isAvailableWithFloatingPalette="true" northDirectionSupported="true" eastDirectionSupported="true" southDirectionSupported="true" westDirectionSupported="true" name="linkFromGoalGRToPrincipleGR" label="InfluenceGR" skipConfirmationPanel="false" definePopupDefaultSize="false" width="800" height="600">
      <TextFieldParameter id="439" name="name" label="name" usePaletteLabelAsDefaultValue="false" isRequired="false" />
      <TextAreaParameter id="440" name="documentation" label="documentation" usePaletteLabelAsDefaultValue="false" isRequired="false" />
      <AddConnector id="441" fromShape="fromTarget.shape" toShape="toTarget.shape" assignation="connector">
        <AddressedDiagramModelSlot idref="9" />
      </AddConnector>
      <AddEditionPatternInstance id="442" virtualModelInstance="diagram.archimateVirtualModel" creationSchemeURI="http://ArchimateVP/ArchimateVirtualModel#Influence.creationFromGoalToPrinciple" assignation="influence">
        <AddEditionPatternInstanceParameter id="443" paramName="source" value="fromTarget.goal" />
        <AddEditionPatternInstanceParameter id="444" paramName="target" value="toTarget.principle" />
        <AddEditionPatternInstanceParameter id="445" paramName="name" value="parameters.name" />
        <AddEditionPatternInstanceParameter id="446" paramName="documentation" value="parameters.documentation" />
      </AddEditionPatternInstance>
    </LinkScheme>
    <LinkScheme id="447" fromTarget="http://ArchimateVP/PrincipleViewpointDiagram#PrincipleGR" toTarget="http://ArchimateVP/PrincipleViewpointDiagram#GoalGR" isAvailableWithFloatingPalette="true" northDirectionSupported="true" eastDirectionSupported="true" southDirectionSupported="true" westDirectionSupported="true" name="linkFromPrincipleGRToGoalGR" label="InfluenceGR" skipConfirmationPanel="false" definePopupDefaultSize="false" width="800" height="600">
      <TextFieldParameter id="448" name="name" label="name" usePaletteLabelAsDefaultValue="false" isRequired="false" />
      <TextAreaParameter id="449" name="documentation" label="documentation" usePaletteLabelAsDefaultValue="false" isRequired="false" />
      <AddConnector id="450" fromShape="fromTarget.shape" toShape="toTarget.shape" assignation="connector">
        <AddressedDiagramModelSlot idref="9" />
      </AddConnector>
      <AddEditionPatternInstance id="451" virtualModelInstance="diagram.archimateVirtualModel" creationSchemeURI="http://ArchimateVP/ArchimateVirtualModel#Influence.creationFromPrincipleToGoal" assignation="influence">
        <AddEditionPatternInstanceParameter id="452" paramName="source" value="fromTarget.principle" />
        <AddEditionPatternInstanceParameter id="453" paramName="target" value="toTarget.goal" />
        <AddEditionPatternInstanceParameter id="454" paramName="name" value="parameters.name" />
        <AddEditionPatternInstanceParameter id="455" paramName="documentation" value="parameters.documentation" />
      </AddEditionPatternInstance>
    </LinkScheme>
    <LinkScheme id="456" fromTarget="http://ArchimateVP/PrincipleViewpointDiagram#PrincipleGR" toTarget="http://ArchimateVP/PrincipleViewpointDiagram#PrincipleGR" isAvailableWithFloatingPalette="true" northDirectionSupported="true" eastDirectionSupported="true" southDirectionSupported="true" westDirectionSupported="true" name="linkFromPrincipleGRToPrincipleGR" label="InfluenceGR" skipConfirmationPanel="false" definePopupDefaultSize="false" width="800" height="600">
      <TextFieldParameter id="457" name="name" label="name" usePaletteLabelAsDefaultValue="false" isRequired="false" />
      <TextAreaParameter id="458" name="documentation" label="documentation" usePaletteLabelAsDefaultValue="false" isRequired="false" />
      <AddConnector id="459" fromShape="fromTarget.shape" toShape="toTarget.shape" assignation="connector">
        <AddressedDiagramModelSlot idref="9" />
      </AddConnector>
      <AddEditionPatternInstance id="460" virtualModelInstance="diagram.archimateVirtualModel" creationSchemeURI="http://ArchimateVP/ArchimateVirtualModel#Influence.creationFromPrincipleToPrinciple" assignation="influence">
        <AddEditionPatternInstanceParameter id="461" paramName="source" value="fromTarget.principle" />
        <AddEditionPatternInstanceParameter id="462" paramName="target" value="toTarget.principle" />
        <AddEditionPatternInstanceParameter id="463" paramName="name" value="parameters.name" />
        <AddEditionPatternInstanceParameter id="464" paramName="documentation" value="parameters.documentation" />
      </AddEditionPatternInstance>
    </LinkScheme>
    <ContainedEditionPatternInstancePatternRole id="465" editionPatternTypeURI="http://ArchimateVP/ArchimateVirtualModel#Influence" name="influence" patternRole="influence">
      <AddressedDiagramModelSlot idref="9" />
    </ContainedEditionPatternInstancePatternRole>
    <ContainedConnectorPatternRole id="466" patternRole="connector" name="connector" exampleLabel="label">
      <ConnectorGraphicalRepresentation id="467" className="org.openflexo.vpm.view.widget.EditionPatternPreviewConnectorGR" hasSelectedForeground="false" hasFocusedForeground="false" startSymbol="NONE" endSymbol="FILLED_ARROW" middleSymbol="NONE" startSymbolSize="10.0" endSymbolSize="20.0" middleSymbolSize="10.0" relativeMiddleSymbolLocation="0.5" applyForegroundToSymbols="true" identifier="object_2" layer="64" hasText="true" isMultilineAllowed="true" continuousTextEditing="true" absoluteTextX="0.0" absoluteTextY="0.0" paragraphAlignment="CENTER" horizontalTextAlignment="CENTER" verticalTextAlignment="MIDDLE" isSelectable="true" isFocusable="true" drawControlPointsWhenFocused="true" drawControlPointsWhenSelected="true" isReadOnly="false" isLabelEditable="true" isVisible="true">
        <ForegroundStyle id="468" noStroke="false" color="0,0,0" lineWidth="1.500000001490116" joinStyle="JOIN_MITER" capStyle="CAP_SQUARE" dashStyle="SMALL_DASHES" useTransparency="false" transparencyLevel="0.5" />
        <SelectedForegroundStyle id="469" noStroke="false" color="0,0,0" lineWidth="1.0" joinStyle="JOIN_MITER" capStyle="CAP_SQUARE" dashStyle="PLAIN_STROKE" useTransparency="false" transparencyLevel="0.5" />
        <FocusedForegroundStyle id="470" noStroke="false" color="0,0,0" lineWidth="1.0" joinStyle="JOIN_MITER" capStyle="CAP_SQUARE" dashStyle="PLAIN_STROKE" useTransparency="false" transparencyLevel="0.5" />
        <RectPolylinConnector id="471" rectPolylinConstraints="NONE" straightLineWhenPossible="true" adjustability="AUTO_LAYOUT" startOrientation="EAST" endOrientation="WEST" isRounded="false" arcSize="5" isStartingLocationFixed="false" isEndingLocationFixed="false" isStartingLocationDraggable="true" isEndingLocationDraggable="true" />
        <TextStyle id="472" font="Lucida Sans,0,11" color="0,0,0" orientation="0" isBackgroundColored="false" backgroundColor="255,255,255" />
      </ConnectorGraphicalRepresentation>
      <ArtifactFromShapeGraphicalRepresentation id="473" className="org.openflexo.vpm.view.widget.EditionPatternConnectorFromArtefactGR" x="80.0" y="80.0" width="20.0" height="20.0" minimalWidth="0.0" minimalHeight="0.0" maximalWidth="Infinity" maximalHeight="Infinity" relativeTextX="0.5" relativeTextY="0.5" lineWrap="true" locationConstraints="FREELY_MOVABLE" dimensionConstraints="CONSTRAINED_DIMENSIONS" adjustMinimalWidthToLabelWidth="true" adjustMinimalHeightToLabelHeight="true" adjustMaximalWidthToLabelWidth="false" adjustMaximalHeightToLabelHeight="false" hasSelectedForeground="false" hasSelectedBackground="false" hasFocusedForeground="false" hasFocusedBackground="false" isFloatingLabel="true" allowToLeaveBounds="true" identifier="object_0" layer="1" hasText="true" isMultilineAllowed="true" continuousTextEditing="true" absoluteTextX="0.0" absoluteTextY="0.0" paragraphAlignment="CENTER" horizontalTextAlignment="CENTER" verticalTextAlignment="MIDDLE" isSelectable="false" isFocusable="true" drawControlPointsWhenFocused="true" drawControlPointsWhenSelected="true" isReadOnly="false" isLabelEditable="true" isVisible="true">
        <ForegroundStyle id="474" noStroke="false" color="255,204,0" lineWidth="1.0" joinStyle="JOIN_MITER" capStyle="CAP_SQUARE" dashStyle="PLAIN_STROKE" useTransparency="false" transparencyLevel="0.5" />
        <ColorBackgroundStyle id="475" color="255,255,204" useTransparency="false" transparencyLevel="0.5" />
        <SelectedForegroundStyle id="476" noStroke="false" color="255,204,0" lineWidth="1.0" joinStyle="JOIN_MITER" capStyle="CAP_SQUARE" dashStyle="PLAIN_STROKE" useTransparency="false" transparencyLevel="0.5" />
        <SelectedColorBackgroundStyle id="477" color="255,255,204" useTransparency="false" transparencyLevel="0.5" />
        <FocusedForegroundStyle id="478" noStroke="false" color="255,204,0" lineWidth="1.0" joinStyle="JOIN_MITER" capStyle="CAP_SQUARE" dashStyle="PLAIN_STROKE" useTransparency="false" transparencyLevel="0.5" />
        <FocusedColorBackgroundStyle id="479" color="255,255,204" useTransparency="false" transparencyLevel="0.5" />
        <Border id="480" top="20" bottom="20" left="20" right="20" />
        <CircleShape idref="57" />
        <ShadowStyle id="481" drawShadow="true" shadowDarkness="150" shadowDepth="2" shadowBlur="4" />
        <TextStyle id="482" font="Lucida Sans,0,11" color="0,0,0" orientation="0" isBackgroundColored="false" backgroundColor="255,255,255" />
      </ArtifactFromShapeGraphicalRepresentation>
      <ArtifactToShapeGraphicalRepresentation id="483" className="org.openflexo.vpm.view.widget.EditionPatternConnectorToArtefactGR" x="350.0" y="80.0" width="20.0" height="20.0" minimalWidth="0.0" minimalHeight="0.0" maximalWidth="Infinity" maximalHeight="Infinity" relativeTextX="0.5" relativeTextY="0.5" lineWrap="true" locationConstraints="FREELY_MOVABLE" dimensionConstraints="CONSTRAINED_DIMENSIONS" adjustMinimalWidthToLabelWidth="true" adjustMinimalHeightToLabelHeight="true" adjustMaximalWidthToLabelWidth="false" adjustMaximalHeightToLabelHeight="false" hasSelectedForeground="false" hasSelectedBackground="false" hasFocusedForeground="false" hasFocusedBackground="false" isFloatingLabel="true" allowToLeaveBounds="true" identifier="object_1" layer="1" hasText="true" isMultilineAllowed="true" continuousTextEditing="true" absoluteTextX="0.0" absoluteTextY="0.0" paragraphAlignment="CENTER" horizontalTextAlignment="CENTER" verticalTextAlignment="MIDDLE" isSelectable="false" isFocusable="true" drawControlPointsWhenFocused="true" drawControlPointsWhenSelected="true" isReadOnly="false" isLabelEditable="true" isVisible="true">
        <ForegroundStyle id="484" noStroke="false" color="255,204,0" lineWidth="1.0" joinStyle="JOIN_MITER" capStyle="CAP_SQUARE" dashStyle="PLAIN_STROKE" useTransparency="false" transparencyLevel="0.5" />
        <ColorBackgroundStyle id="485" color="255,255,204" useTransparency="false" transparencyLevel="0.5" />
        <SelectedForegroundStyle id="486" noStroke="false" color="255,204,0" lineWidth="1.0" joinStyle="JOIN_MITER" capStyle="CAP_SQUARE" dashStyle="PLAIN_STROKE" useTransparency="false" transparencyLevel="0.5" />
        <SelectedColorBackgroundStyle id="487" color="255,255,204" useTransparency="false" transparencyLevel="0.5" />
        <FocusedForegroundStyle id="488" noStroke="false" color="255,204,0" lineWidth="1.0" joinStyle="JOIN_MITER" capStyle="CAP_SQUARE" dashStyle="PLAIN_STROKE" useTransparency="false" transparencyLevel="0.5" />
        <FocusedColorBackgroundStyle id="489" color="255,255,204" useTransparency="false" transparencyLevel="0.5" />
        <Border id="490" top="20" bottom="20" left="20" right="20" />
        <CircleShape idref="57" />
        <ShadowStyle id="491" drawShadow="true" shadowDarkness="150" shadowDepth="2" shadowBlur="4" />
        <TextStyle id="492" font="Lucida Sans,0,11" color="0,0,0" orientation="0" isBackgroundColored="false" backgroundColor="255,255,255" />
      </ArtifactToShapeGraphicalRepresentation>
      <AddressedDiagramModelSlot idref="9" />
      <GRSpec id="493" featureName="label" value="influence.influence.name" readOnly="false" />
    </ContainedConnectorPatternRole>
    <PrimaryRepresentationConnectorPatternRole idref="466" />
    <Inspector id="494" inspectorTitle="InfluenceGR" />
  </EditionPattern>
  <LocalizedDictionary id="495" />
  <DiagramModelSlot idref="9" />
  <VirtualModelModelSlot idref="72" />
  <Inspector id="496" inspectorTitle="PrincipleViewpointDiagram" />
</DiagramSpecification>
